-- phpMyAdmin SQL Dump
-- version 5.2.1
-- https://www.phpmyadmin.net/
--
-- Host: 127.0.0.1
-- Generation Time: Apr 25, 2026 at 03:45 PM
-- Server version: 10.4.28-MariaDB
-- PHP Version: 8.2.4

SET SQL_MODE = "NO_AUTO_VALUE_ON_ZERO";
START TRANSACTION;
SET time_zone = "+00:00";


/*!40101 SET @OLD_CHARACTER_SET_CLIENT=@@CHARACTER_SET_CLIENT */;
/*!40101 SET @OLD_CHARACTER_SET_RESULTS=@@CHARACTER_SET_RESULTS */;
/*!40101 SET @OLD_COLLATION_CONNECTION=@@COLLATION_CONNECTION */;
/*!40101 SET NAMES utf8mb4 */;

--
-- Database: `medicines_db`
--

-- --------------------------------------------------------

--
-- Table structure for table `alternatives`
--

CREATE TABLE `alternatives` (
  `id` int(11) NOT NULL,
  `medicine_id` int(11) NOT NULL,
  `alternative_name` varchar(150) NOT NULL,
  `type` enum('GENERIC','HERBAL') NOT NULL DEFAULT 'GENERIC',
  `description` varchar(191) DEFAULT NULL,
  `created_at` datetime(3) NOT NULL DEFAULT current_timestamp(3),
  `updated_at` datetime(3) NOT NULL
) ENGINE=InnoDB DEFAULT CHARSET=utf8mb4 COLLATE=utf8mb4_unicode_ci;

-- --------------------------------------------------------

--
-- Table structure for table `appointments`
--

CREATE TABLE `appointments` (
  `id` int(11) NOT NULL,
  `user_id` int(11) NOT NULL,
  `doctor_id` int(11) NOT NULL,
  `appointment_date` datetime(3) NOT NULL,
  `status` enum('PENDING','CONFIRMED','COMPLETED','CANCELLED') NOT NULL DEFAULT 'PENDING',
  `notes` varchar(191) DEFAULT NULL,
  `google_meet_link` longtext CHARACTER SET utf8mb4 COLLATE utf8mb4_bin DEFAULT NULL CHECK (json_valid(`google_meet_link`)),
  `created_at` datetime(3) NOT NULL DEFAULT current_timestamp(3),
  `updated_at` datetime(3) NOT NULL
) ENGINE=InnoDB DEFAULT CHARSET=utf8mb4 COLLATE=utf8mb4_unicode_ci;

--
-- Dumping data for table `appointments`
--

INSERT INTO `appointments` (`id`, `user_id`, `doctor_id`, `appointment_date`, `status`, `notes`, `google_meet_link`, `created_at`, `updated_at`) VALUES
(2, 4, 2, '2025-11-19 00:00:00.000', 'COMPLETED', 'test data', '\"\\\"\\\\\\\"(No title)\\\\\\\\nWednesday, November 19 · 1:00 – 1:30pm\\\\\\\\nTime zone: Asia/Dhaka\\\\\\\\nGoogle Meet joining info\\\\\\\\nVideo call link: https://meet.google.com/ikb-tonp-pjt\\\\\\\"\\\"\"', '2025-11-18 09:41:41.055', '2025-11-19 07:11:15.602'),
(3, 4, 4, '2025-12-02 00:00:00.000', 'PENDING', 'testing', NULL, '2025-11-30 16:41:07.779', '2025-11-30 16:41:07.779'),
(4, 15, 5, '2025-12-02 00:00:00.000', 'COMPLETED', '', '\"\\\"Appointment\\\\nTuesday, December 2 · 11:00 – 11:30am\\\\nTime zone: Asia/Dhaka\\\\nGoogle Meet joining info\\\\nVideo call link: https://meet.google.com/bir-apgh-osa\\\"\"', '2025-12-01 05:00:11.262', '2025-12-01 05:03:32.214');

-- --------------------------------------------------------

--
-- Table structure for table `countries`
--

CREATE TABLE `countries` (
  `id` int(11) NOT NULL,
  `name` varchar(100) NOT NULL,
  `code` varchar(10) NOT NULL,
  `created_at` datetime(3) NOT NULL DEFAULT current_timestamp(3),
  `updated_at` datetime(3) NOT NULL,
  `status` enum('ACTIVE','INACTIVE','PENDING') NOT NULL DEFAULT 'ACTIVE'
) ENGINE=InnoDB DEFAULT CHARSET=utf8mb4 COLLATE=utf8mb4_unicode_ci;

--
-- Dumping data for table `countries`
--

INSERT INTO `countries` (`id`, `name`, `code`, `created_at`, `updated_at`, `status`) VALUES
(1, 'Bangladesh', 'BD', '2026-04-20 22:56:26.587', '2026-04-20 22:56:26.587', 'ACTIVE'),
(2, 'India', 'IN', '2026-04-20 22:56:26.587', '2026-04-20 22:56:26.587', 'ACTIVE'),
(3, 'United States of America', 'USA', '2026-04-20 22:56:26.587', '2026-04-20 22:56:26.587', 'ACTIVE'),
(4, 'United Kingdom', 'UK', '2026-04-20 22:56:26.587', '2026-04-20 22:56:26.587', 'ACTIVE'),
(5, 'United Arab Emirates', 'UAE', '2026-04-20 22:56:26.587', '2026-04-20 22:56:26.587', 'ACTIVE');

-- --------------------------------------------------------

--
-- Table structure for table `diseases`
--

CREATE TABLE `diseases` (
  `id` int(11) NOT NULL,
  `name` varchar(150) NOT NULL,
  `description` varchar(191) DEFAULT NULL,
  `created_at` datetime(3) NOT NULL DEFAULT current_timestamp(3),
  `updated_at` datetime(3) NOT NULL
) ENGINE=InnoDB DEFAULT CHARSET=utf8mb4 COLLATE=utf8mb4_unicode_ci;

--
-- Dumping data for table `diseases`
--

INSERT INTO `diseases` (`id`, `name`, `description`, `created_at`, `updated_at`) VALUES
(1, 'Fever/Pain', NULL, '2026-04-20 23:00:42.034', '2026-04-20 23:00:42.034'),
(2, 'Gastritis', NULL, '2026-04-20 23:00:42.034', '2026-04-20 23:00:42.034'),
(3, 'Infection', NULL, '2026-04-20 23:00:42.034', '2026-04-20 23:00:42.034'),
(4, 'Diabetes', NULL, '2026-04-20 23:00:42.034', '2026-04-20 23:00:42.034'),
(5, 'High BP', NULL, '2026-04-20 23:00:42.034', '2026-04-20 23:00:42.034'),
(6, 'Cholesterol', NULL, '2026-04-20 23:00:42.034', '2026-04-20 23:00:42.034'),
(7, 'Asthma', NULL, '2026-04-20 23:00:42.034', '2026-04-20 23:00:42.034'),
(8, 'Allergy', NULL, '2026-04-20 23:00:42.034', '2026-04-20 23:00:42.034'),
(9, 'Acid Reflux', NULL, '2026-04-20 23:00:42.034', '2026-04-20 23:00:42.034'),
(10, 'UTI', NULL, '2026-04-20 23:00:42.034', '2026-04-20 23:00:42.034'),
(11, 'Nausea', NULL, '2026-04-20 23:00:42.034', '2026-04-20 23:00:42.034'),
(12, 'Acidity', NULL, '2026-04-20 23:00:42.034', '2026-04-20 23:00:42.034'),
(13, 'Pain', NULL, '2026-04-20 23:00:42.034', '2026-04-20 23:00:42.034'),
(14, 'Heart Issues', NULL, '2026-04-20 23:00:42.034', '2026-04-20 23:00:42.034'),
(15, 'Blood Clot', NULL, '2026-04-20 23:00:42.034', '2026-04-20 23:00:42.034'),
(16, 'Fungal Inf.', NULL, '2026-04-20 23:00:42.034', '2026-04-20 23:00:42.034'),
(17, 'Inflammation', NULL, '2026-04-20 23:00:42.034', '2026-04-20 23:00:42.034'),
(18, 'ED', NULL, '2026-04-20 23:00:42.034', '2026-04-20 23:00:42.034'),
(19, 'Prostate', NULL, '2026-04-20 23:00:42.034', '2026-04-20 23:00:42.034'),
(20, 'Blood Thinner', NULL, '2026-04-20 23:00:42.034', '2026-04-20 23:00:42.034'),
(21, 'Insomnia', NULL, '2026-04-20 23:00:42.034', '2026-04-20 23:00:42.034'),
(22, 'Spasms', NULL, '2026-04-20 23:00:42.034', '2026-04-20 23:00:42.034'),
(23, 'Nerve Pain', NULL, '2026-04-20 23:00:42.034', '2026-04-20 23:00:42.034'),
(24, 'Arthritis', NULL, '2026-04-20 23:00:42.034', '2026-04-20 23:00:42.034'),
(25, 'Severe Pain', NULL, '2026-04-20 23:00:42.034', '2026-04-20 23:00:42.034'),
(26, 'Thyroid', NULL, '2026-04-20 23:00:42.034', '2026-04-20 23:00:42.034'),
(27, 'Edema', NULL, '2026-04-20 23:00:42.034', '2026-04-20 23:00:42.034'),
(28, 'Cough', NULL, '2026-04-20 23:00:42.034', '2026-04-20 23:00:42.034'),
(29, 'Vomiting', NULL, '2026-04-20 23:00:42.034', '2026-04-20 23:00:42.034'),
(30, 'Depression', NULL, '2026-04-20 23:00:42.034', '2026-04-20 23:00:42.034'),
(31, 'Anxiety', NULL, '2026-04-20 23:00:42.034', '2026-04-20 23:00:42.034'),
(32, 'Sedative', NULL, '2026-04-20 23:00:42.034', '2026-04-20 23:00:42.034'),
(33, 'Seizures', NULL, '2026-04-20 23:00:42.034', '2026-04-20 23:00:42.034'),
(34, 'Smoking Quit', NULL, '2026-04-20 23:00:42.034', '2026-04-20 23:00:42.034'),
(35, 'ADHD', NULL, '2026-04-20 23:00:42.034', '2026-04-20 23:00:42.034'),
(36, 'Sleep', NULL, '2026-04-20 23:00:42.034', '2026-04-20 23:00:42.034'),
(37, 'Migraine', NULL, '2026-04-20 23:00:42.034', '2026-04-20 23:00:42.034'),
(38, 'BP', NULL, '2026-04-20 23:00:42.034', '2026-04-20 23:00:42.034'),
(39, 'Supplement', NULL, '2026-04-20 23:00:42.034', '2026-04-20 23:00:42.034'),
(40, 'Bone Health', NULL, '2026-04-20 23:00:42.034', '2026-04-20 23:00:42.034'),
(41, 'Anemia', NULL, '2026-04-20 23:00:42.034', '2026-04-20 23:00:42.034'),
(42, 'Pregnancy', NULL, '2026-04-20 23:00:42.034', '2026-04-20 23:00:42.034'),
(43, 'Acne', NULL, '2026-04-20 23:00:42.034', '2026-04-20 23:00:42.034'),
(44, 'Dandruff', NULL, '2026-04-20 23:00:42.034', '2026-04-20 23:00:42.034'),
(45, 'Skin Inf.', NULL, '2026-04-20 23:00:42.034', '2026-04-20 23:00:42.034'),
(46, 'Burns', NULL, '2026-04-20 23:00:42.034', '2026-04-20 23:00:42.034'),
(47, 'Skin Issues', NULL, '2026-04-20 23:00:42.034', '2026-04-20 23:00:42.034'),
(48, 'Fungal', NULL, '2026-04-20 23:00:42.034', '2026-04-20 23:00:42.034'),
(49, 'Mouthwash', NULL, '2026-04-20 23:00:42.034', '2026-04-20 23:00:42.034'),
(50, 'Numbing', NULL, '2026-04-20 23:00:42.034', '2026-04-20 23:00:42.034'),
(51, 'Warts', NULL, '2026-04-20 23:00:42.034', '2026-04-20 23:00:42.034'),
(52, 'Heartburn', NULL, '2026-04-20 23:00:42.034', '2026-04-20 23:00:42.034'),
(53, 'Stomach', NULL, '2026-04-20 23:00:42.034', '2026-04-20 23:00:42.034'),
(54, 'Diarrhea', NULL, '2026-04-20 23:00:42.034', '2026-04-20 23:00:42.034'),
(55, 'Constipation', NULL, '2026-04-20 23:00:42.034', '2026-04-20 23:00:42.034');

-- --------------------------------------------------------

--
-- Table structure for table `disease_medicines`
--

CREATE TABLE `disease_medicines` (
  `id` int(11) NOT NULL,
  `disease_id` int(11) NOT NULL,
  `medicine_id` int(11) NOT NULL,
  `country_id` int(11) DEFAULT NULL
) ENGINE=InnoDB DEFAULT CHARSET=utf8mb4 COLLATE=utf8mb4_unicode_ci;

--
-- Dumping data for table `disease_medicines`
--

INSERT INTO `disease_medicines` (`id`, `disease_id`, `medicine_id`, `country_id`) VALUES
(501, 19, 34, 5),
(502, 6, 8, 4),
(503, 3, 49, 3),
(504, 45, 85, 4),
(505, 42, 81, 1),
(506, 41, 80, 2),
(507, 2, 4, 5),
(508, 16, 26, 4),
(509, 30, 65, 2),
(510, 10, 13, 5),
(511, 3, 25, 5),
(512, 7, 9, 2),
(513, 31, 59, 3),
(514, 1, 3, 2),
(515, 35, 68, 2),
(516, 4, 27, 4),
(517, 7, 12, 3),
(518, 34, 67, 4),
(519, 26, 47, 2),
(520, 3, 30, 3),
(521, 23, 66, 1),
(522, 42, 81, 5),
(523, 37, 96, 4),
(524, 38, 76, 3),
(525, 48, 90, 3),
(526, 33, 64, 3),
(527, 3, 22, 4),
(528, 17, 55, 3),
(529, 12, 32, 3),
(530, 13, 39, 1),
(531, 6, 19, 4),
(532, 5, 43, 2),
(533, 30, 60, 3),
(534, 25, 42, 4),
(535, 12, 16, 3),
(536, 19, 34, 4),
(537, 6, 8, 3),
(538, 45, 85, 3),
(539, 23, 66, 5),
(540, 41, 80, 1),
(541, 22, 37, 2),
(542, 14, 51, 3),
(543, 32, 62, 3),
(544, 52, 98, 1),
(545, 55, 102, 4),
(546, 23, 46, 4),
(547, 3, 25, 4),
(548, 37, 72, 1),
(549, 13, 39, 5),
(550, 31, 59, 2),
(551, 1, 3, 1),
(552, 3, 48, 2),
(553, 6, 44, 1),
(554, 35, 68, 1),
(555, 4, 27, 3),
(556, 7, 12, 2),
(557, 26, 47, 1),
(558, 42, 81, 4),
(559, 13, 18, 3),
(560, 9, 57, 2),
(561, 3, 22, 3),
(562, 17, 55, 2),
(563, 52, 98, 5),
(564, 12, 32, 2),
(565, 23, 38, 4),
(566, 37, 72, 5),
(567, 47, 89, 1),
(568, 6, 44, 5),
(569, 30, 60, 2),
(570, 25, 42, 3),
(571, 8, 10, 5),
(572, 8, 21, 5),
(573, 12, 16, 2),
(574, 35, 68, 5),
(575, 17, 31, 4),
(576, 5, 45, 1),
(577, 24, 41, 1),
(578, 14, 74, 4),
(579, 9, 11, 3),
(580, 49, 93, 5),
(581, 18, 33, 2),
(582, 5, 7, 1),
(583, 22, 37, 1),
(584, 14, 51, 2),
(585, 32, 62, 2),
(586, 55, 102, 3),
(587, 23, 46, 3),
(588, 3, 25, 3),
(589, 8, 40, 5),
(590, 47, 89, 5),
(591, 27, 75, 4),
(592, 31, 59, 1),
(593, 4, 29, 3),
(594, 3, 48, 1),
(595, 20, 35, 2),
(596, 15, 23, 2),
(597, 5, 45, 5),
(598, 24, 41, 5),
(599, 48, 92, 2),
(600, 13, 18, 2),
(601, 9, 57, 1),
(602, 5, 7, 5),
(603, 22, 37, 5),
(604, 52, 98, 4),
(605, 14, 73, 3),
(606, 23, 38, 3),
(607, 37, 72, 4),
(608, 5, 14, 4),
(609, 4, 6, 5),
(610, 21, 36, 5),
(611, 14, 20, 5),
(612, 25, 42, 2),
(613, 8, 10, 4),
(614, 8, 21, 4),
(615, 6, 44, 4),
(616, 3, 48, 5),
(617, 31, 61, 5),
(618, 43, 83, 2),
(619, 48, 91, 5),
(620, 17, 31, 3),
(621, 55, 101, 2),
(622, 14, 74, 3),
(623, 9, 11, 2),
(624, 30, 58, 4),
(625, 3, 54, 2),
(626, 49, 93, 4),
(627, 18, 33, 1),
(628, 5, 71, 3),
(629, 55, 102, 2),
(630, 23, 46, 2),
(631, 8, 17, 2),
(632, 8, 40, 4),
(633, 47, 89, 4),
(634, 3, 5, 2),
(635, 37, 97, 1),
(636, 27, 52, 1),
(637, 27, 75, 3),
(638, 29, 56, 1),
(639, 44, 84, 5),
(640, 4, 29, 2),
(641, 40, 79, 3),
(642, 20, 35, 1),
(643, 15, 23, 1),
(644, 24, 41, 4),
(645, 48, 92, 1),
(646, 13, 18, 1),
(647, 18, 33, 5),
(648, 46, 86, 5),
(649, 14, 73, 2),
(650, 28, 53, 4),
(651, 37, 97, 5),
(652, 27, 52, 5),
(653, 47, 88, 3),
(654, 29, 56, 5),
(655, 5, 14, 3),
(656, 4, 6, 4),
(657, 21, 36, 4),
(658, 14, 20, 4),
(659, 31, 61, 4),
(660, 8, 10, 3),
(661, 8, 21, 3),
(662, 43, 83, 1),
(663, 48, 91, 4),
(664, 55, 101, 1),
(665, 20, 35, 5),
(666, 17, 31, 2),
(667, 3, 50, 4),
(668, 15, 23, 5),
(669, 9, 11, 1),
(670, 5, 70, 1),
(671, 30, 58, 3),
(672, 51, 95, 3),
(673, 5, 28, 4),
(674, 36, 69, 3),
(675, 4, 24, 3),
(676, 3, 54, 1),
(677, 5, 71, 2),
(678, 43, 82, 5),
(679, 54, 100, 1),
(680, 39, 77, 3),
(681, 53, 99, 2),
(682, 8, 17, 1),
(683, 8, 40, 3),
(684, 40, 78, 1),
(685, 3, 5, 1),
(686, 11, 15, 4),
(687, 27, 75, 2),
(688, 44, 84, 4),
(689, 4, 29, 1),
(690, 43, 83, 5),
(691, 40, 79, 2),
(692, 55, 101, 5),
(693, 32, 63, 4),
(694, 5, 70, 5),
(695, 50, 94, 2),
(696, 3, 54, 5),
(697, 46, 86, 4),
(698, 54, 100, 5),
(699, 47, 87, 1),
(700, 14, 73, 1),
(701, 28, 53, 3),
(702, 40, 78, 5),
(703, 37, 97, 4),
(704, 27, 52, 4),
(705, 47, 88, 2),
(706, 3, 49, 2),
(707, 4, 6, 3),
(708, 14, 20, 3),
(709, 31, 61, 3),
(710, 3, 50, 3),
(711, 2, 4, 4),
(712, 16, 26, 3),
(713, 30, 65, 1),
(714, 51, 95, 2),
(715, 5, 28, 3),
(716, 36, 69, 2),
(717, 10, 13, 4),
(718, 4, 24, 2),
(719, 7, 9, 1),
(720, 43, 82, 4),
(721, 39, 77, 2),
(722, 47, 87, 5),
(723, 53, 99, 1),
(724, 11, 15, 3),
(725, 34, 67, 3),
(726, 44, 84, 3),
(727, 3, 30, 2),
(728, 37, 96, 3),
(729, 41, 80, 5),
(730, 38, 76, 2),
(731, 48, 90, 2),
(732, 33, 64, 2),
(733, 32, 63, 3),
(734, 30, 65, 5),
(735, 50, 94, 1),
(736, 7, 9, 5),
(737, 54, 100, 4),
(738, 6, 19, 3),
(739, 1, 3, 5),
(740, 5, 43, 1),
(741, 19, 34, 3),
(742, 6, 8, 2),
(743, 3, 49, 1),
(744, 45, 85, 2),
(745, 26, 47, 5),
(746, 23, 66, 4),
(747, 16, 26, 2),
(748, 2, 4, 3),
(749, 51, 95, 1),
(750, 5, 28, 2),
(751, 36, 69, 1),
(752, 10, 13, 3),
(753, 4, 24, 1),
(754, 50, 94, 5),
(755, 13, 39, 4),
(756, 43, 82, 3),
(757, 47, 87, 4),
(758, 5, 43, 5),
(759, 4, 27, 2),
(760, 7, 12, 1),
(761, 3, 49, 5),
(762, 34, 67, 2),
(763, 37, 96, 2),
(764, 3, 30, 1),
(765, 42, 81, 3),
(766, 41, 80, 4),
(767, 38, 76, 1),
(768, 48, 90, 1),
(769, 33, 64, 1),
(770, 30, 65, 4),
(771, 3, 22, 2),
(772, 17, 55, 1),
(773, 12, 32, 1),
(774, 6, 19, 2),
(775, 31, 59, 5),
(776, 1, 3, 4),
(777, 30, 60, 1),
(778, 35, 68, 4),
(779, 12, 16, 1),
(780, 19, 34, 2),
(781, 7, 12, 5),
(782, 6, 8, 1),
(783, 45, 85, 1),
(784, 26, 47, 4),
(785, 23, 66, 3),
(786, 38, 76, 5),
(787, 48, 90, 5),
(788, 9, 57, 5),
(789, 2, 4, 2),
(790, 16, 26, 1),
(791, 14, 51, 1),
(792, 32, 62, 1),
(793, 17, 55, 5),
(794, 3, 25, 2),
(795, 12, 32, 5),
(796, 13, 39, 3),
(797, 30, 60, 5),
(798, 4, 27, 1),
(799, 12, 16, 5),
(800, 5, 45, 4),
(801, 37, 96, 1),
(802, 45, 85, 5),
(803, 42, 81, 2),
(804, 5, 7, 4),
(805, 22, 37, 4),
(806, 3, 22, 1),
(807, 14, 51, 5),
(808, 32, 62, 5),
(809, 52, 98, 3),
(810, 23, 38, 2),
(811, 37, 72, 3),
(812, 31, 59, 4),
(813, 1, 3, 3),
(814, 3, 48, 4),
(815, 6, 44, 3),
(816, 25, 42, 1),
(817, 35, 68, 3),
(818, 19, 34, 1),
(819, 7, 12, 4),
(820, 14, 74, 2),
(821, 26, 47, 3),
(822, 48, 92, 5),
(823, 13, 18, 5),
(824, 9, 57, 4),
(825, 49, 93, 3),
(826, 55, 102, 1),
(827, 17, 55, 4),
(828, 23, 46, 1),
(829, 3, 25, 1),
(830, 12, 32, 4),
(831, 47, 89, 3),
(832, 30, 60, 4),
(833, 25, 42, 5),
(834, 5, 45, 3),
(835, 24, 41, 3),
(836, 9, 11, 5),
(837, 18, 33, 4),
(838, 5, 7, 3),
(839, 22, 37, 3),
(840, 14, 51, 4),
(841, 32, 62, 4),
(842, 52, 98, 2),
(843, 55, 102, 5),
(844, 23, 46, 5),
(845, 23, 38, 1),
(846, 37, 72, 2),
(847, 8, 17, 5),
(848, 3, 5, 5),
(849, 29, 56, 4),
(850, 5, 14, 2),
(851, 3, 48, 3),
(852, 4, 29, 5),
(853, 21, 36, 3),
(854, 6, 44, 2),
(855, 8, 10, 2),
(856, 8, 21, 2),
(857, 48, 91, 3),
(858, 20, 35, 4),
(859, 17, 31, 1),
(860, 14, 74, 1),
(861, 15, 23, 4),
(862, 30, 58, 2),
(863, 48, 92, 4),
(864, 13, 18, 4),
(865, 9, 57, 3),
(866, 49, 93, 2),
(867, 5, 71, 1),
(868, 14, 73, 5),
(869, 8, 40, 2),
(870, 23, 38, 5),
(871, 47, 89, 2),
(872, 27, 75, 1),
(873, 43, 83, 4),
(874, 40, 79, 1),
(875, 55, 101, 4),
(876, 17, 31, 5),
(877, 5, 45, 2),
(878, 24, 41, 2),
(879, 14, 74, 5),
(880, 9, 11, 4),
(881, 5, 70, 4),
(882, 3, 54, 4),
(883, 18, 33, 3),
(884, 46, 86, 3),
(885, 5, 7, 2),
(886, 5, 71, 5),
(887, 53, 99, 5),
(888, 8, 17, 4),
(889, 28, 53, 2),
(890, 40, 78, 4),
(891, 3, 5, 4),
(892, 37, 97, 3),
(893, 27, 52, 3),
(894, 27, 75, 5),
(895, 47, 88, 1),
(896, 29, 56, 3),
(897, 5, 14, 1),
(898, 4, 6, 2),
(899, 4, 29, 4),
(900, 14, 20, 2),
(901, 21, 36, 2),
(902, 8, 10, 1),
(903, 8, 21, 1),
(904, 31, 61, 2),
(905, 40, 79, 5),
(906, 48, 91, 2),
(907, 20, 35, 3),
(908, 3, 50, 2),
(909, 15, 23, 3),
(910, 30, 58, 1),
(911, 48, 92, 3),
(912, 49, 93, 1),
(913, 39, 77, 1),
(914, 14, 73, 4),
(915, 8, 40, 1),
(916, 11, 15, 2),
(917, 47, 88, 5),
(918, 44, 84, 2),
(919, 5, 14, 5),
(920, 43, 83, 3),
(921, 55, 101, 3),
(922, 32, 63, 2),
(923, 5, 70, 3),
(924, 30, 58, 5),
(925, 51, 95, 5),
(926, 36, 69, 5),
(927, 4, 24, 5),
(928, 7, 9, 4),
(929, 3, 54, 3),
(930, 46, 86, 2),
(931, 5, 71, 4),
(932, 54, 100, 3),
(933, 39, 77, 5),
(934, 53, 99, 4),
(935, 8, 17, 3),
(936, 28, 53, 1),
(937, 40, 78, 3),
(938, 3, 5, 3),
(939, 37, 97, 2),
(940, 27, 52, 2),
(941, 29, 56, 2),
(942, 3, 30, 5),
(943, 4, 6, 1),
(944, 21, 36, 1),
(945, 14, 20, 1),
(946, 31, 61, 1),
(947, 48, 91, 1),
(948, 40, 79, 4),
(949, 3, 50, 1),
(950, 33, 64, 5),
(951, 5, 28, 1),
(952, 10, 13, 2),
(953, 50, 94, 4),
(954, 43, 82, 2),
(955, 47, 87, 3),
(956, 5, 43, 4),
(957, 28, 53, 5),
(958, 11, 15, 1),
(959, 6, 8, 5),
(960, 47, 88, 4),
(961, 3, 49, 4),
(962, 34, 67, 1),
(963, 44, 84, 1),
(964, 41, 80, 3),
(965, 3, 50, 5),
(966, 16, 26, 5),
(967, 32, 63, 1),
(968, 5, 70, 2),
(969, 30, 65, 3),
(970, 51, 95, 4),
(971, 5, 28, 5),
(972, 36, 69, 4),
(973, 4, 24, 4),
(974, 7, 9, 3),
(975, 46, 86, 1),
(976, 54, 100, 2),
(977, 6, 19, 1),
(978, 39, 77, 4),
(979, 53, 99, 3),
(980, 40, 78, 2),
(981, 11, 15, 5),
(982, 4, 27, 5),
(983, 34, 67, 5),
(984, 37, 96, 5),
(985, 3, 30, 4),
(986, 23, 66, 2),
(987, 38, 76, 4),
(988, 48, 90, 4),
(989, 33, 64, 4),
(990, 2, 4, 1),
(991, 32, 63, 5),
(992, 3, 22, 5),
(993, 10, 13, 1),
(994, 50, 94, 3),
(995, 13, 39, 2),
(996, 43, 82, 1),
(997, 6, 19, 5),
(998, 47, 87, 2),
(999, 5, 43, 3),
(1000, 12, 16, 4);

-- --------------------------------------------------------

--
-- Table structure for table `doctors`
--

CREATE TABLE `doctors` (
  `id` int(11) NOT NULL,
  `user_id` int(11) NOT NULL,
  `specialization` varchar(150) DEFAULT NULL,
  `qualification` varchar(200) DEFAULT NULL,
  `experience_years` int(11) DEFAULT NULL,
  `consultation_fee` decimal(10,2) DEFAULT NULL,
  `availability_status` enum('AVAILABLE','DISCONTINUED','UNAVAILABLE') NOT NULL DEFAULT 'AVAILABLE',
  `created_at` datetime(3) NOT NULL DEFAULT current_timestamp(3),
  `updated_at` datetime(3) NOT NULL
) ENGINE=InnoDB DEFAULT CHARSET=utf8mb4 COLLATE=utf8mb4_unicode_ci;

--
-- Dumping data for table `doctors`
--

INSERT INTO `doctors` (`id`, `user_id`, `specialization`, `qualification`, `experience_years`, `consultation_fee`, `availability_status`, `created_at`, `updated_at`) VALUES
(1, 5, 'Cardiology,Medicience, SERGERy', 'MBBS, MD,MASTERs', 12, 500.00, 'DISCONTINUED', '2025-11-05 19:15:07.028', '2025-11-09 12:06:43.246'),
(2, 9, 'medicience,cardilogy,', 'MSTRS', 5, 500.00, 'AVAILABLE', '2025-11-10 13:07:38.873', '2025-11-30 07:26:48.981'),
(3, 11, 'Cardiology,Medicience, SERGERy', 'MSTRS', 10, 500.00, 'AVAILABLE', '2025-11-30 16:15:27.914', '2025-11-30 16:15:27.914'),
(4, 13, 'medicience,cardilogy,', 'MSTRS', 10, 500.00, 'AVAILABLE', '2025-11-30 16:19:59.627', '2025-11-30 16:19:59.627'),
(5, 14, 'medicience,cardilogy,', 'MSTRS', 5, 500.00, 'AVAILABLE', '2025-12-01 04:54:17.159', '2025-12-01 04:59:40.750');

-- --------------------------------------------------------

--
-- Table structure for table `feedbacks`
--

CREATE TABLE `feedbacks` (
  `id` int(11) NOT NULL,
  `user_id` int(11) NOT NULL,
  `doctor_id` int(11) DEFAULT NULL,
  `medicine_id` int(11) DEFAULT NULL,
  `rating` int(11) NOT NULL,
  `comments` varchar(191) DEFAULT NULL,
  `created_at` datetime(3) NOT NULL DEFAULT current_timestamp(3),
  `updated_at` datetime(3) NOT NULL
) ENGINE=InnoDB DEFAULT CHARSET=utf8mb4 COLLATE=utf8mb4_unicode_ci;

-- --------------------------------------------------------

--
-- Table structure for table `herbal_supports`
--

CREATE TABLE `herbal_supports` (
  `id` int(11) NOT NULL,
  `name` varchar(150) NOT NULL,
  `description` varchar(191) DEFAULT NULL,
  `disease_id` int(11) DEFAULT NULL,
  `country_id` int(11) DEFAULT NULL,
  `created_at` datetime(3) NOT NULL DEFAULT current_timestamp(3),
  `updated_at` datetime(3) NOT NULL
) ENGINE=InnoDB DEFAULT CHARSET=utf8mb4 COLLATE=utf8mb4_unicode_ci;

--
-- Dumping data for table `herbal_supports`
--

INSERT INTO `herbal_supports` (`id`, `name`, `description`, `disease_id`, `country_id`, `created_at`, `updated_at`) VALUES
(1, 'Goldenseal', NULL, 3, 4, '2026-04-20 23:54:16.515', '2026-04-20 23:54:16.515'),
(2, 'Ivy Leaf', NULL, 7, 4, '2026-04-20 23:54:16.515', '2026-04-20 23:54:16.515'),
(3, 'Olive Leaf', NULL, 5, 3, '2026-04-20 23:54:16.515', '2026-04-20 23:54:16.515'),
(4, 'Nettle', NULL, 8, 1, '2026-04-20 23:54:16.515', '2026-04-20 23:54:16.515'),
(5, 'Ginger', NULL, 29, 1, '2026-04-20 23:54:16.515', '2026-04-20 23:54:16.515'),
(6, 'Lemon Balm', NULL, 32, 5, '2026-04-20 23:54:16.515', '2026-04-20 23:54:16.515'),
(7, 'Coconut Oil', NULL, 47, 3, '2026-04-20 23:54:16.515', '2026-04-20 23:54:16.515'),
(8, 'Rice Water', NULL, 54, 2, '2026-04-20 23:54:16.515', '2026-04-20 23:54:16.515'),
(9, 'Witch Hazel', NULL, 47, 4, '2026-04-20 23:54:16.515', '2026-04-20 23:54:16.515'),
(10, 'Magnesium', NULL, 33, 4, '2026-04-20 23:54:16.515', '2026-04-20 23:54:16.515'),
(11, 'Butterbur', NULL, 8, 5, '2026-04-20 23:54:16.515', '2026-04-20 23:54:16.515'),
(12, 'B-Complex', NULL, 23, 2, '2026-04-20 23:54:16.515', '2026-04-20 23:54:16.515'),
(13, 'Honey', NULL, 45, 2, '2026-04-20 23:54:16.515', '2026-04-20 23:54:16.515'),
(14, 'Magnesium', NULL, 37, 1, '2026-04-20 23:54:16.515', '2026-04-20 23:54:16.515'),
(15, 'Alpha-Lipoic', NULL, 23, 3, '2026-04-20 23:54:16.515', '2026-04-20 23:54:16.515'),
(16, 'Honey', NULL, 3, 5, '2026-04-20 23:54:16.515', '2026-04-20 23:54:16.515'),
(17, 'Sesame', NULL, 40, 1, '2026-04-20 23:54:16.515', '2026-04-20 23:54:16.515'),
(18, 'Motherwort', NULL, 14, 3, '2026-04-20 23:54:16.515', '2026-04-20 23:54:16.515'),
(19, 'Chamomile', NULL, 9, 1, '2026-04-20 23:54:16.515', '2026-04-20 23:54:16.515'),
(20, 'Guava', NULL, 53, 4, '2026-04-20 23:54:16.515', '2026-04-20 23:54:16.515'),
(21, 'Vitamin K1', NULL, 20, 4, '2026-04-20 23:54:16.515', '2026-04-20 23:54:16.515'),
(22, 'Sage Tea', NULL, 49, 4, '2026-04-20 23:54:16.515', '2026-04-20 23:54:16.515'),
(23, 'Licorice', NULL, 17, 3, '2026-04-20 23:54:16.515', '2026-04-20 23:54:16.515'),
(24, 'Parsley', NULL, 38, 2, '2026-04-20 23:54:16.515', '2026-04-20 23:54:16.515'),
(25, 'Ginger', NULL, 29, 5, '2026-04-20 23:54:16.515', '2026-04-20 23:54:16.515'),
(26, 'Castor Oil', NULL, 55, 3, '2026-04-20 23:54:16.515', '2026-04-20 23:54:16.515'),
(27, 'Aloe Vera', NULL, 43, 1, '2026-04-20 23:54:16.515', '2026-04-20 23:54:16.515'),
(28, 'Cranberry', NULL, 10, 2, '2026-04-20 23:54:16.515', '2026-04-20 23:54:16.515'),
(29, 'Cinnamon', NULL, 4, 4, '2026-04-20 23:54:16.515', '2026-04-20 23:54:16.515'),
(30, 'Curcumin', NULL, 17, 2, '2026-04-20 23:54:16.515', '2026-04-20 23:54:16.515'),
(31, 'Aloe Vera', NULL, 12, 4, '2026-04-20 23:54:16.515', '2026-04-20 23:54:16.515'),
(32, 'Ginseng', NULL, 4, 4, '2026-04-20 23:54:16.515', '2026-04-20 23:54:16.515'),
(33, 'Saw Palmetto', NULL, 19, 1, '2026-04-20 23:54:16.515', '2026-04-20 23:54:16.515'),
(34, 'Clove Oil', NULL, 50, 1, '2026-04-20 23:54:16.515', '2026-04-20 23:54:16.515'),
(35, 'Valerian Root', NULL, 21, 1, '2026-04-20 23:54:16.515', '2026-04-20 23:54:16.515'),
(36, 'Echinacea', NULL, 3, 3, '2026-04-20 23:54:16.515', '2026-04-20 23:54:16.515'),
(37, 'Feverfew', NULL, 37, 1, '2026-04-20 23:54:16.515', '2026-04-20 23:54:16.515'),
(38, 'Sesame', NULL, 40, 5, '2026-04-20 23:54:16.515', '2026-04-20 23:54:16.515'),
(39, 'Prune Juice', NULL, 55, 2, '2026-04-20 23:54:16.515', '2026-04-20 23:54:16.515'),
(40, 'Garlic', NULL, 3, 4, '2026-04-20 23:54:16.515', '2026-04-20 23:54:16.515'),
(41, 'Neem', NULL, 44, 3, '2026-04-20 23:54:16.515', '2026-04-20 23:54:16.515'),
(42, 'Omega-3', NULL, 24, 2, '2026-04-20 23:54:16.515', '2026-04-20 23:54:16.515'),
(43, 'Goldenseal', NULL, 3, 3, '2026-04-20 23:54:16.515', '2026-04-20 23:54:16.515'),
(44, 'Olive Leaf', NULL, 5, 2, '2026-04-20 23:54:16.515', '2026-04-20 23:54:16.515'),
(45, 'Lemon Balm', NULL, 32, 4, '2026-04-20 23:54:16.515', '2026-04-20 23:54:16.515'),
(46, 'Coconut Oil', NULL, 47, 2, '2026-04-20 23:54:16.515', '2026-04-20 23:54:16.515'),
(47, 'Hawthorn', NULL, 14, 3, '2026-04-20 23:54:16.515', '2026-04-20 23:54:16.515'),
(48, 'Rice Water', NULL, 54, 1, '2026-04-20 23:54:16.515', '2026-04-20 23:54:16.515'),
(49, 'Witch Hazel', NULL, 47, 3, '2026-04-20 23:54:16.515', '2026-04-20 23:54:16.515'),
(50, 'Garlic', NULL, 48, 2, '2026-04-20 23:54:16.515', '2026-04-20 23:54:16.515'),
(51, 'Oregano Oil', NULL, 3, 4, '2026-04-20 23:54:16.515', '2026-04-20 23:54:16.515'),
(52, 'Magnesium', NULL, 33, 3, '2026-04-20 23:54:16.515', '2026-04-20 23:54:16.515'),
(53, 'Butterbur', NULL, 8, 4, '2026-04-20 23:54:16.515', '2026-04-20 23:54:16.515'),
(54, 'Marshmallow', NULL, 12, 2, '2026-04-20 23:54:16.515', '2026-04-20 23:54:16.515'),
(55, 'Ashwagandha', NULL, 26, 4, '2026-04-20 23:54:16.515', '2026-04-20 23:54:16.515'),
(56, 'Aloe Vera', NULL, 43, 5, '2026-04-20 23:54:16.515', '2026-04-20 23:54:16.515'),
(57, 'Apple Cider', NULL, 51, 1, '2026-04-20 23:54:16.515', '2026-04-20 23:54:16.515'),
(58, 'Saw Palmetto', NULL, 19, 5, '2026-04-20 23:54:16.515', '2026-04-20 23:54:16.515'),
(59, 'B-Complex', NULL, 23, 1, '2026-04-20 23:54:16.515', '2026-04-20 23:54:16.515'),
(60, 'Peppermint', NULL, 11, 5, '2026-04-20 23:54:16.515', '2026-04-20 23:54:16.515'),
(61, 'Clove Oil', NULL, 50, 5, '2026-04-20 23:54:16.515', '2026-04-20 23:54:16.515'),
(62, 'Valerian Root', NULL, 21, 5, '2026-04-20 23:54:16.515', '2026-04-20 23:54:16.515'),
(63, 'Lavender Oil', NULL, 30, 2, '2026-04-20 23:54:16.515', '2026-04-20 23:54:16.515'),
(64, 'Butterbur', NULL, 37, 3, '2026-04-20 23:54:16.515', '2026-04-20 23:54:16.515'),
(65, 'Feverfew', NULL, 37, 5, '2026-04-20 23:54:16.515', '2026-04-20 23:54:16.515'),
(66, 'Motherwort', NULL, 14, 2, '2026-04-20 23:54:16.515', '2026-04-20 23:54:16.515'),
(67, 'Fennel', NULL, 52, 3, '2026-04-20 23:54:16.515', '2026-04-20 23:54:16.515'),
(68, 'Ginger Root', NULL, 2, 5, '2026-04-20 23:54:16.515', '2026-04-20 23:54:16.515'),
(69, 'Vitamin K1', NULL, 20, 3, '2026-04-20 23:54:16.515', '2026-04-20 23:54:16.515'),
(70, 'Fenugreek', NULL, 4, 5, '2026-04-20 23:54:16.515', '2026-04-20 23:54:16.515'),
(71, 'Banana', NULL, 39, 3, '2026-04-20 23:54:16.515', '2026-04-20 23:54:16.515'),
(72, 'Sage Tea', NULL, 49, 3, '2026-04-20 23:54:16.515', '2026-04-20 23:54:16.515'),
(73, 'Garlic', NULL, 6, 1, '2026-04-20 23:54:16.515', '2026-04-20 23:54:16.515'),
(74, 'Licorice', NULL, 17, 2, '2026-04-20 23:54:16.515', '2026-04-20 23:54:16.515'),
(75, 'Berberine', NULL, 4, 1, '2026-04-20 23:54:16.515', '2026-04-20 23:54:16.515'),
(76, 'Red Yeast Rice', NULL, 6, 5, '2026-04-20 23:54:16.515', '2026-04-20 23:54:16.515'),
(77, 'Ginger', NULL, 29, 4, '2026-04-20 23:54:16.515', '2026-04-20 23:54:16.515'),
(78, 'Bacopa', NULL, 36, 4, '2026-04-20 23:54:16.515', '2026-04-20 23:54:16.515'),
(79, 'Rice Water', NULL, 54, 5, '2026-04-20 23:54:16.515', '2026-04-20 23:54:16.515'),
(80, 'Probiotics', NULL, 3, 1, '2026-04-20 23:54:16.515', '2026-04-20 23:54:16.515'),
(81, 'Slippery Elm', NULL, 9, 3, '2026-04-20 23:54:16.515', '2026-04-20 23:54:16.515'),
(82, 'Cranberry', NULL, 10, 1, '2026-04-20 23:54:16.515', '2026-04-20 23:54:16.515'),
(83, 'Rhodiola', NULL, 30, 3, '2026-04-20 23:54:16.515', '2026-04-20 23:54:16.515'),
(84, 'Aloe Vera', NULL, 12, 3, '2026-04-20 23:54:16.515', '2026-04-20 23:54:16.515'),
(85, 'Turmeric', NULL, 13, 1, '2026-04-20 23:54:16.515', '2026-04-20 23:54:16.515'),
(86, 'Pau d’Arco', NULL, 48, 1, '2026-04-20 23:54:16.515', '2026-04-20 23:54:16.515'),
(87, 'Apple Cider', NULL, 51, 5, '2026-04-20 23:54:16.515', '2026-04-20 23:54:16.515'),
(88, 'Ginseng', NULL, 18, 5, '2026-04-20 23:54:16.515', '2026-04-20 23:54:16.515'),
(89, 'Echinacea', NULL, 3, 2, '2026-04-20 23:54:16.515', '2026-04-20 23:54:16.515'),
(90, 'Quercetin', NULL, 8, 1, '2026-04-20 23:54:16.515', '2026-04-20 23:54:16.515'),
(91, 'Aloe Vera', NULL, 46, 1, '2026-04-20 23:54:16.515', '2026-04-20 23:54:16.515'),
(92, 'Sesame', NULL, 40, 4, '2026-04-20 23:54:16.515', '2026-04-20 23:54:16.515'),
(93, 'St. John’s Wort', NULL, 30, 1, '2026-04-20 23:54:16.515', '2026-04-20 23:54:16.515'),
(94, 'Neem', NULL, 44, 2, '2026-04-20 23:54:16.515', '2026-04-20 23:54:16.515'),
(95, 'Omega-3', NULL, 24, 1, '2026-04-20 23:54:16.515', '2026-04-20 23:54:16.515'),
(96, 'Goldenseal', NULL, 3, 2, '2026-04-20 23:54:16.515', '2026-04-20 23:54:16.515'),
(97, 'Garlic', NULL, 6, 5, '2026-04-20 23:54:16.515', '2026-04-20 23:54:16.515'),
(98, 'Lemon Balm', NULL, 32, 3, '2026-04-20 23:54:16.515', '2026-04-20 23:54:16.515'),
(99, 'Berberine', NULL, 4, 5, '2026-04-20 23:54:16.515', '2026-04-20 23:54:16.515'),
(100, 'Hawthorn', NULL, 14, 2, '2026-04-20 23:54:16.515', '2026-04-20 23:54:16.515'),
(101, 'Garlic', NULL, 48, 1, '2026-04-20 23:54:16.515', '2026-04-20 23:54:16.515'),
(102, 'Oregano Oil', NULL, 3, 3, '2026-04-20 23:54:16.515', '2026-04-20 23:54:16.515'),
(103, 'Probiotics', NULL, 3, 5, '2026-04-20 23:54:16.515', '2026-04-20 23:54:16.515'),
(104, 'Leafy Greens', NULL, 42, 4, '2026-04-20 23:54:16.515', '2026-04-20 23:54:16.515'),
(105, 'Marshmallow', NULL, 12, 1, '2026-04-20 23:54:16.515', '2026-04-20 23:54:16.515'),
(106, 'Ashwagandha', NULL, 26, 3, '2026-04-20 23:54:16.515', '2026-04-20 23:54:16.515'),
(107, 'Pau d’Arco', NULL, 48, 5, '2026-04-20 23:54:16.515', '2026-04-20 23:54:16.515'),
(108, 'Turmeric', NULL, 13, 5, '2026-04-20 23:54:16.515', '2026-04-20 23:54:16.515'),
(109, 'Artichoke', NULL, 6, 2, '2026-04-20 23:54:16.515', '2026-04-20 23:54:16.515'),
(110, 'Peppermint', NULL, 11, 4, '2026-04-20 23:54:16.515', '2026-04-20 23:54:16.515'),
(111, 'Quercetin', NULL, 8, 5, '2026-04-20 23:54:16.515', '2026-04-20 23:54:16.515'),
(112, 'Lavender Oil', NULL, 30, 1, '2026-04-20 23:54:16.515', '2026-04-20 23:54:16.515'),
(113, 'Butterbur', NULL, 37, 2, '2026-04-20 23:54:16.515', '2026-04-20 23:54:16.515'),
(114, 'Aloe Vera', NULL, 46, 5, '2026-04-20 23:54:16.515', '2026-04-20 23:54:16.515'),
(115, 'Fennel', NULL, 52, 2, '2026-04-20 23:54:16.515', '2026-04-20 23:54:16.515'),
(116, 'St. John’s Wort', NULL, 30, 5, '2026-04-20 23:54:16.515', '2026-04-20 23:54:16.515'),
(117, 'Hawthorn', NULL, 5, 1, '2026-04-20 23:54:16.515', '2026-04-20 23:54:16.515'),
(118, 'Ginger Root', NULL, 2, 4, '2026-04-20 23:54:16.515', '2026-04-20 23:54:16.515'),
(119, 'Vitamin K1', NULL, 20, 2, '2026-04-20 23:54:16.515', '2026-04-20 23:54:16.515'),
(120, 'Fenugreek', NULL, 4, 4, '2026-04-20 23:54:16.515', '2026-04-20 23:54:16.515'),
(121, 'Banana', NULL, 39, 2, '2026-04-20 23:54:16.515', '2026-04-20 23:54:16.515'),
(122, 'Oregano', NULL, 48, 1, '2026-04-20 23:54:16.515', '2026-04-20 23:54:16.515'),
(123, 'Licorice', NULL, 17, 1, '2026-04-20 23:54:16.515', '2026-04-20 23:54:16.515'),
(124, 'Red Yeast Rice', NULL, 6, 4, '2026-04-20 23:54:16.515', '2026-04-20 23:54:16.515'),
(125, 'SAMe', NULL, 23, 2, '2026-04-20 23:54:16.515', '2026-04-20 23:54:16.515'),
(126, 'Bacopa', NULL, 36, 3, '2026-04-20 23:54:16.515', '2026-04-20 23:54:16.515'),
(127, 'Manuka Honey', NULL, 3, 1, '2026-04-20 23:54:16.515', '2026-04-20 23:54:16.515'),
(128, 'CoQ10', NULL, 14, 5, '2026-04-20 23:54:16.515', '2026-04-20 23:54:16.515'),
(129, 'Slippery Elm', NULL, 9, 2, '2026-04-20 23:54:16.515', '2026-04-20 23:54:16.515'),
(130, 'Rhodiola', NULL, 30, 2, '2026-04-20 23:54:16.515', '2026-04-20 23:54:16.515'),
(131, 'Tea Tree Oil', NULL, 43, 1, '2026-04-20 23:54:16.515', '2026-04-20 23:54:16.515'),
(132, 'Tea Tree Oil', NULL, 16, 2, '2026-04-20 23:54:16.515', '2026-04-20 23:54:16.515'),
(133, 'Saffron', NULL, 31, 4, '2026-04-20 23:54:16.515', '2026-04-20 23:54:16.515'),
(134, 'Apple Cider', NULL, 51, 4, '2026-04-20 23:54:16.515', '2026-04-20 23:54:16.515'),
(135, 'Ginseng', NULL, 18, 4, '2026-04-20 23:54:16.515', '2026-04-20 23:54:16.515'),
(136, 'Echinacea', NULL, 3, 1, '2026-04-20 23:54:16.515', '2026-04-20 23:54:16.515'),
(137, 'Garlic', NULL, 5, 3, '2026-04-20 23:54:16.515', '2026-04-20 23:54:16.515'),
(138, 'Hibiscus', NULL, 5, 5, '2026-04-20 23:54:16.515', '2026-04-20 23:54:16.515'),
(139, 'Passionflower', NULL, 31, 4, '2026-04-20 23:54:16.515', '2026-04-20 23:54:16.515'),
(140, 'Neem', NULL, 44, 1, '2026-04-20 23:54:16.515', '2026-04-20 23:54:16.515'),
(141, 'Hawthorn', NULL, 5, 5, '2026-04-20 23:54:16.515', '2026-04-20 23:54:16.515'),
(142, 'Garlic', NULL, 6, 4, '2026-04-20 23:54:16.515', '2026-04-20 23:54:16.515'),
(143, 'Oregano', NULL, 48, 5, '2026-04-20 23:54:16.515', '2026-04-20 23:54:16.515'),
(144, 'Hawthorn', NULL, 14, 1, '2026-04-20 23:54:16.515', '2026-04-20 23:54:16.515'),
(145, 'Valerian', NULL, 32, 4, '2026-04-20 23:54:16.515', '2026-04-20 23:54:16.515'),
(146, 'Manuka Honey', NULL, 3, 5, '2026-04-20 23:54:16.515', '2026-04-20 23:54:16.515'),
(147, 'Oregano Oil', NULL, 3, 2, '2026-04-20 23:54:16.515', '2026-04-20 23:54:16.515'),
(148, 'Probiotics', NULL, 3, 4, '2026-04-20 23:54:16.515', '2026-04-20 23:54:16.515'),
(149, 'Leafy Greens', NULL, 42, 3, '2026-04-20 23:54:16.515', '2026-04-20 23:54:16.515'),
(150, 'Tea Tree Oil', NULL, 43, 5, '2026-04-20 23:54:16.515', '2026-04-20 23:54:16.515'),
(151, 'Pau d’Arco', NULL, 48, 4, '2026-04-20 23:54:16.515', '2026-04-20 23:54:16.515'),
(152, 'Turmeric', NULL, 13, 4, '2026-04-20 23:54:16.515', '2026-04-20 23:54:16.515'),
(153, 'Artichoke', NULL, 6, 1, '2026-04-20 23:54:16.515', '2026-04-20 23:54:16.515'),
(154, 'Ginkgo Biloba', NULL, 15, 3, '2026-04-20 23:54:16.515', '2026-04-20 23:54:16.515'),
(155, 'Peppermint', NULL, 11, 3, '2026-04-20 23:54:16.515', '2026-04-20 23:54:16.515'),
(156, 'Quercetin', NULL, 8, 4, '2026-04-20 23:54:16.515', '2026-04-20 23:54:16.515'),
(157, 'Thyme', NULL, 28, 3, '2026-04-20 23:54:16.515', '2026-04-20 23:54:16.515'),
(158, 'SAMe', NULL, 23, 1, '2026-04-20 23:54:16.515', '2026-04-20 23:54:16.515'),
(159, 'Bacopa', NULL, 36, 2, '2026-04-20 23:54:16.515', '2026-04-20 23:54:16.515'),
(160, 'CoQ10', NULL, 14, 4, '2026-04-20 23:54:16.515', '2026-04-20 23:54:16.515'),
(161, 'Slippery Elm', NULL, 9, 1, '2026-04-20 23:54:16.515', '2026-04-20 23:54:16.515'),
(162, 'Arnica', NULL, 13, 4, '2026-04-20 23:54:16.515', '2026-04-20 23:54:16.515'),
(163, 'Spinach', NULL, 41, 5, '2026-04-20 23:54:16.515', '2026-04-20 23:54:16.515'),
(164, 'Tea Tree Oil', NULL, 16, 1, '2026-04-20 23:54:16.515', '2026-04-20 23:54:16.515'),
(165, 'Saffron', NULL, 31, 3, '2026-04-20 23:54:16.515', '2026-04-20 23:54:16.515'),
(166, 'Artichoke', NULL, 6, 5, '2026-04-20 23:54:16.515', '2026-04-20 23:54:16.515'),
(167, 'Tulsi/Ginger', NULL, 1, 4, '2026-04-20 23:54:16.515', '2026-04-20 23:54:16.515'),
(168, 'Garlic', NULL, 5, 2, '2026-04-20 23:54:16.515', '2026-04-20 23:54:16.515'),
(169, 'Hibiscus', NULL, 5, 4, '2026-04-20 23:54:16.515', '2026-04-20 23:54:16.515'),
(170, 'Passionflower', NULL, 31, 3, '2026-04-20 23:54:16.515', '2026-04-20 23:54:16.515'),
(171, 'Dandelion', NULL, 27, 1, '2026-04-20 23:54:16.515', '2026-04-20 23:54:16.515'),
(172, 'Hawthorn', NULL, 5, 4, '2026-04-20 23:54:16.515', '2026-04-20 23:54:16.515'),
(173, 'Oregano', NULL, 48, 4, '2026-04-20 23:54:16.515', '2026-04-20 23:54:16.515'),
(174, 'SAMe', NULL, 23, 5, '2026-04-20 23:54:16.515', '2026-04-20 23:54:16.515'),
(175, 'Lobelia', NULL, 34, 5, '2026-04-20 23:54:16.515', '2026-04-20 23:54:16.515'),
(176, 'Valerian', NULL, 32, 3, '2026-04-20 23:54:16.515', '2026-04-20 23:54:16.515'),
(177, 'Clove Oil', NULL, 25, 4, '2026-04-20 23:54:16.515', '2026-04-20 23:54:16.515'),
(178, 'Tea Tree Oil', NULL, 43, 4, '2026-04-20 23:54:16.515', '2026-04-20 23:54:16.515'),
(179, 'Ginkgo', NULL, 35, 4, '2026-04-20 23:54:16.515', '2026-04-20 23:54:16.515'),
(180, 'Tea Tree Oil', NULL, 16, 5, '2026-04-20 23:54:16.515', '2026-04-20 23:54:16.515'),
(181, 'Ginkgo Biloba', NULL, 15, 2, '2026-04-20 23:54:16.515', '2026-04-20 23:54:16.515'),
(182, 'Yogurt', NULL, 3, 2, '2026-04-20 23:54:16.515', '2026-04-20 23:54:16.515'),
(183, 'Nettle', NULL, 8, 5, '2026-04-20 23:54:16.515', '2026-04-20 23:54:16.515'),
(184, 'Sunlight', NULL, 40, 1, '2026-04-20 23:54:16.515', '2026-04-20 23:54:16.515'),
(185, 'Magnesium', NULL, 22, 2, '2026-04-20 23:54:16.515', '2026-04-20 23:54:16.515'),
(186, 'Dandelion', NULL, 27, 5, '2026-04-20 23:54:16.515', '2026-04-20 23:54:16.515'),
(187, 'Thyme', NULL, 28, 2, '2026-04-20 23:54:16.515', '2026-04-20 23:54:16.515'),
(188, 'Arnica', NULL, 13, 3, '2026-04-20 23:54:16.515', '2026-04-20 23:54:16.515'),
(189, 'Magnesium', NULL, 37, 5, '2026-04-20 23:54:16.515', '2026-04-20 23:54:16.515'),
(190, 'Calendula', NULL, 47, 2, '2026-04-20 23:54:16.515', '2026-04-20 23:54:16.515'),
(191, 'Spinach', NULL, 41, 4, '2026-04-20 23:54:16.515', '2026-04-20 23:54:16.515'),
(192, 'Turmeric', NULL, 7, 4, '2026-04-20 23:54:16.515', '2026-04-20 23:54:16.515'),
(193, 'Celery Seed', NULL, 5, 3, '2026-04-20 23:54:16.515', '2026-04-20 23:54:16.515'),
(194, 'Corn Silk', NULL, 27, 1, '2026-04-20 23:54:16.515', '2026-04-20 23:54:16.515'),
(195, 'Tulsi/Ginger', NULL, 1, 3, '2026-04-20 23:54:16.515', '2026-04-20 23:54:16.515'),
(196, 'Chamomile', NULL, 9, 5, '2026-04-20 23:54:16.515', '2026-04-20 23:54:16.515'),
(197, 'Ivy Leaf', NULL, 7, 3, '2026-04-20 23:54:16.515', '2026-04-20 23:54:16.515'),
(198, 'Hibiscus', NULL, 5, 3, '2026-04-20 23:54:16.515', '2026-04-20 23:54:16.515'),
(199, 'Passionflower', NULL, 31, 2, '2026-04-20 23:54:16.515', '2026-04-20 23:54:16.515'),
(200, 'Sunlight', NULL, 40, 5, '2026-04-20 23:54:16.515', '2026-04-20 23:54:16.515'),
(201, 'Lobelia', NULL, 34, 4, '2026-04-20 23:54:16.515', '2026-04-20 23:54:16.515'),
(202, 'Clove Oil', NULL, 25, 3, '2026-04-20 23:54:16.515', '2026-04-20 23:54:16.515'),
(203, 'Honey', NULL, 45, 1, '2026-04-20 23:54:16.515', '2026-04-20 23:54:16.515'),
(204, 'Alpha-Lipoic', NULL, 23, 2, '2026-04-20 23:54:16.515', '2026-04-20 23:54:16.515'),
(205, 'Honey', NULL, 3, 4, '2026-04-20 23:54:16.515', '2026-04-20 23:54:16.515'),
(206, 'Ginkgo', NULL, 35, 3, '2026-04-20 23:54:16.515', '2026-04-20 23:54:16.515'),
(207, 'Corn Silk', NULL, 27, 5, '2026-04-20 23:54:16.515', '2026-04-20 23:54:16.515'),
(208, 'Yogurt', NULL, 3, 1, '2026-04-20 23:54:16.515', '2026-04-20 23:54:16.515'),
(209, 'Guava', NULL, 53, 3, '2026-04-20 23:54:16.515', '2026-04-20 23:54:16.515'),
(210, 'Parsley', NULL, 38, 1, '2026-04-20 23:54:16.515', '2026-04-20 23:54:16.515'),
(211, 'Nettle', NULL, 8, 4, '2026-04-20 23:54:16.515', '2026-04-20 23:54:16.515'),
(212, 'Magnesium', NULL, 22, 1, '2026-04-20 23:54:16.515', '2026-04-20 23:54:16.515'),
(213, 'Dandelion', NULL, 27, 4, '2026-04-20 23:54:16.515', '2026-04-20 23:54:16.515'),
(214, 'Castor Oil', NULL, 55, 2, '2026-04-20 23:54:16.515', '2026-04-20 23:54:16.515'),
(215, 'Cinnamon', NULL, 4, 3, '2026-04-20 23:54:16.515', '2026-04-20 23:54:16.515'),
(216, 'Curcumin', NULL, 17, 1, '2026-04-20 23:54:16.515', '2026-04-20 23:54:16.515'),
(217, 'Ginseng', NULL, 4, 3, '2026-04-20 23:54:16.515', '2026-04-20 23:54:16.515'),
(218, 'B-Complex', NULL, 23, 5, '2026-04-20 23:54:16.515', '2026-04-20 23:54:16.515'),
(219, 'Honey', NULL, 45, 5, '2026-04-20 23:54:16.515', '2026-04-20 23:54:16.515'),
(220, 'Magnesium', NULL, 37, 4, '2026-04-20 23:54:16.515', '2026-04-20 23:54:16.515'),
(221, 'Calendula', NULL, 47, 1, '2026-04-20 23:54:16.515', '2026-04-20 23:54:16.515'),
(222, 'Spinach', NULL, 41, 3, '2026-04-20 23:54:16.515', '2026-04-20 23:54:16.515'),
(223, 'Turmeric', NULL, 7, 3, '2026-04-20 23:54:16.515', '2026-04-20 23:54:16.515'),
(224, 'Prune Juice', NULL, 55, 1, '2026-04-20 23:54:16.515', '2026-04-20 23:54:16.515'),
(225, 'Celery Seed', NULL, 5, 2, '2026-04-20 23:54:16.515', '2026-04-20 23:54:16.515'),
(226, 'Garlic', NULL, 3, 3, '2026-04-20 23:54:16.515', '2026-04-20 23:54:16.515'),
(227, 'Yogurt', NULL, 3, 5, '2026-04-20 23:54:16.515', '2026-04-20 23:54:16.515'),
(228, 'Chamomile', NULL, 9, 4, '2026-04-20 23:54:16.515', '2026-04-20 23:54:16.515'),
(229, 'Ivy Leaf', NULL, 7, 2, '2026-04-20 23:54:16.515', '2026-04-20 23:54:16.515'),
(230, 'Olive Leaf', NULL, 5, 1, '2026-04-20 23:54:16.515', '2026-04-20 23:54:16.515'),
(231, 'Parsley', NULL, 38, 5, '2026-04-20 23:54:16.515', '2026-04-20 23:54:16.515'),
(232, 'Coconut Oil', NULL, 47, 1, '2026-04-20 23:54:16.515', '2026-04-20 23:54:16.515'),
(233, 'Witch Hazel', NULL, 47, 2, '2026-04-20 23:54:16.515', '2026-04-20 23:54:16.515'),
(234, 'Magnesium', NULL, 33, 2, '2026-04-20 23:54:16.515', '2026-04-20 23:54:16.515'),
(235, 'Butterbur', NULL, 8, 3, '2026-04-20 23:54:16.515', '2026-04-20 23:54:16.515'),
(236, 'Aloe Vera', NULL, 43, 4, '2026-04-20 23:54:16.515', '2026-04-20 23:54:16.515'),
(237, 'Cranberry', NULL, 10, 5, '2026-04-20 23:54:16.515', '2026-04-20 23:54:16.515'),
(238, 'Curcumin', NULL, 17, 5, '2026-04-20 23:54:16.515', '2026-04-20 23:54:16.515'),
(239, 'Saw Palmetto', NULL, 19, 4, '2026-04-20 23:54:16.515', '2026-04-20 23:54:16.515'),
(240, 'Alpha-Lipoic', NULL, 23, 1, '2026-04-20 23:54:16.515', '2026-04-20 23:54:16.515'),
(241, 'Honey', NULL, 3, 3, '2026-04-20 23:54:16.515', '2026-04-20 23:54:16.515'),
(242, 'Calendula', NULL, 47, 5, '2026-04-20 23:54:16.515', '2026-04-20 23:54:16.515'),
(243, 'Clove Oil', NULL, 50, 4, '2026-04-20 23:54:16.515', '2026-04-20 23:54:16.515'),
(244, 'Valerian Root', NULL, 21, 4, '2026-04-20 23:54:16.515', '2026-04-20 23:54:16.515'),
(245, 'Feverfew', NULL, 37, 4, '2026-04-20 23:54:16.515', '2026-04-20 23:54:16.515'),
(246, 'Prune Juice', NULL, 55, 5, '2026-04-20 23:54:16.515', '2026-04-20 23:54:16.515'),
(247, 'Motherwort', NULL, 14, 1, '2026-04-20 23:54:16.515', '2026-04-20 23:54:16.515'),
(248, 'Corn Silk', NULL, 27, 4, '2026-04-20 23:54:16.515', '2026-04-20 23:54:16.515'),
(249, 'Guava', NULL, 53, 2, '2026-04-20 23:54:16.515', '2026-04-20 23:54:16.515'),
(250, 'Omega-3', NULL, 24, 5, '2026-04-20 23:54:16.515', '2026-04-20 23:54:16.515'),
(251, 'Sage Tea', NULL, 49, 2, '2026-04-20 23:54:16.515', '2026-04-20 23:54:16.515'),
(252, 'Olive Leaf', NULL, 5, 5, '2026-04-20 23:54:16.515', '2026-04-20 23:54:16.515'),
(253, 'Nettle', NULL, 8, 3, '2026-04-20 23:54:16.515', '2026-04-20 23:54:16.515'),
(254, 'Ginger', NULL, 29, 3, '2026-04-20 23:54:16.515', '2026-04-20 23:54:16.515'),
(255, 'Coconut Oil', NULL, 47, 5, '2026-04-20 23:54:16.515', '2026-04-20 23:54:16.515'),
(256, 'Rice Water', NULL, 54, 4, '2026-04-20 23:54:16.515', '2026-04-20 23:54:16.515'),
(257, 'Castor Oil', NULL, 55, 1, '2026-04-20 23:54:16.515', '2026-04-20 23:54:16.515'),
(258, 'Garlic', NULL, 48, 5, '2026-04-20 23:54:16.515', '2026-04-20 23:54:16.515'),
(259, 'Marshmallow', NULL, 12, 5, '2026-04-20 23:54:16.515', '2026-04-20 23:54:16.515'),
(260, 'Cinnamon', NULL, 4, 2, '2026-04-20 23:54:16.515', '2026-04-20 23:54:16.515'),
(261, 'Aloe Vera', NULL, 12, 2, '2026-04-20 23:54:16.515', '2026-04-20 23:54:16.515'),
(262, 'Ginseng', NULL, 4, 2, '2026-04-20 23:54:16.515', '2026-04-20 23:54:16.515'),
(263, 'B-Complex', NULL, 23, 4, '2026-04-20 23:54:16.515', '2026-04-20 23:54:16.515'),
(264, 'Magnesium', NULL, 37, 3, '2026-04-20 23:54:16.515', '2026-04-20 23:54:16.515'),
(265, 'Alpha-Lipoic', NULL, 23, 5, '2026-04-20 23:54:16.515', '2026-04-20 23:54:16.515'),
(266, 'Turmeric', NULL, 7, 2, '2026-04-20 23:54:16.515', '2026-04-20 23:54:16.515'),
(267, 'Sesame', NULL, 40, 3, '2026-04-20 23:54:16.515', '2026-04-20 23:54:16.515'),
(268, 'Lavender Oil', NULL, 30, 5, '2026-04-20 23:54:16.515', '2026-04-20 23:54:16.515'),
(269, 'Motherwort', NULL, 14, 5, '2026-04-20 23:54:16.515', '2026-04-20 23:54:16.515'),
(270, 'Garlic', NULL, 3, 2, '2026-04-20 23:54:16.515', '2026-04-20 23:54:16.515'),
(271, 'Goldenseal', NULL, 3, 1, '2026-04-20 23:54:16.515', '2026-04-20 23:54:16.515'),
(272, 'Licorice', NULL, 17, 5, '2026-04-20 23:54:16.515', '2026-04-20 23:54:16.515'),
(273, 'Berberine', NULL, 4, 4, '2026-04-20 23:54:16.515', '2026-04-20 23:54:16.515'),
(274, 'Lemon Balm', NULL, 32, 2, '2026-04-20 23:54:16.515', '2026-04-20 23:54:16.515'),
(275, 'Parsley', NULL, 38, 4, '2026-04-20 23:54:16.515', '2026-04-20 23:54:16.515'),
(276, 'Witch Hazel', NULL, 47, 1, '2026-04-20 23:54:16.515', '2026-04-20 23:54:16.515'),
(277, 'Magnesium', NULL, 33, 1, '2026-04-20 23:54:16.515', '2026-04-20 23:54:16.515'),
(278, 'Castor Oil', NULL, 55, 5, '2026-04-20 23:54:16.515', '2026-04-20 23:54:16.515'),
(279, 'Butterbur', NULL, 8, 2, '2026-04-20 23:54:16.515', '2026-04-20 23:54:16.515'),
(280, 'Ashwagandha', NULL, 26, 2, '2026-04-20 23:54:16.515', '2026-04-20 23:54:16.515'),
(281, 'Aloe Vera', NULL, 43, 3, '2026-04-20 23:54:16.515', '2026-04-20 23:54:16.515'),
(282, 'Cranberry', NULL, 10, 4, '2026-04-20 23:54:16.515', '2026-04-20 23:54:16.515'),
(283, 'Curcumin', NULL, 17, 4, '2026-04-20 23:54:16.515', '2026-04-20 23:54:16.515'),
(284, 'Saw Palmetto', NULL, 19, 3, '2026-04-20 23:54:16.515', '2026-04-20 23:54:16.515'),
(285, 'Honey', NULL, 3, 2, '2026-04-20 23:54:16.515', '2026-04-20 23:54:16.515'),
(286, 'Clove Oil', NULL, 50, 3, '2026-04-20 23:54:16.515', '2026-04-20 23:54:16.515'),
(287, 'Valerian Root', NULL, 21, 3, '2026-04-20 23:54:16.515', '2026-04-20 23:54:16.515'),
(288, 'Echinacea', NULL, 3, 5, '2026-04-20 23:54:16.515', '2026-04-20 23:54:16.515'),
(289, 'Butterbur', NULL, 37, 1, '2026-04-20 23:54:16.515', '2026-04-20 23:54:16.515'),
(290, 'Aloe Vera', NULL, 46, 4, '2026-04-20 23:54:16.515', '2026-04-20 23:54:16.515'),
(291, 'Feverfew', NULL, 37, 3, '2026-04-20 23:54:16.515', '2026-04-20 23:54:16.515'),
(292, 'Prune Juice', NULL, 55, 4, '2026-04-20 23:54:16.515', '2026-04-20 23:54:16.515'),
(293, 'Fennel', NULL, 52, 1, '2026-04-20 23:54:16.515', '2026-04-20 23:54:16.515'),
(294, 'St. John’s Wort', NULL, 30, 4, '2026-04-20 23:54:16.515', '2026-04-20 23:54:16.515'),
(295, 'Ginger Root', NULL, 2, 3, '2026-04-20 23:54:16.515', '2026-04-20 23:54:16.515'),
(296, 'Vitamin K1', NULL, 20, 1, '2026-04-20 23:54:16.515', '2026-04-20 23:54:16.515'),
(297, 'Fenugreek', NULL, 4, 3, '2026-04-20 23:54:16.515', '2026-04-20 23:54:16.515'),
(298, 'Omega-3', NULL, 24, 4, '2026-04-20 23:54:16.515', '2026-04-20 23:54:16.515'),
(299, 'Goldenseal', NULL, 3, 5, '2026-04-20 23:54:16.515', '2026-04-20 23:54:16.515'),
(300, 'Banana', NULL, 39, 1, '2026-04-20 23:54:16.515', '2026-04-20 23:54:16.515'),
(301, 'Olive Leaf', NULL, 5, 4, '2026-04-20 23:54:16.515', '2026-04-20 23:54:16.515'),
(302, 'Neem', NULL, 44, 5, '2026-04-20 23:54:16.515', '2026-04-20 23:54:16.515'),
(303, 'Sage Tea', NULL, 49, 1, '2026-04-20 23:54:16.515', '2026-04-20 23:54:16.515'),
(304, 'Red Yeast Rice', NULL, 6, 3, '2026-04-20 23:54:16.515', '2026-04-20 23:54:16.515'),
(305, 'Ginger', NULL, 29, 2, '2026-04-20 23:54:16.515', '2026-04-20 23:54:16.515'),
(306, 'Coconut Oil', NULL, 47, 4, '2026-04-20 23:54:16.515', '2026-04-20 23:54:16.515'),
(307, 'Hawthorn', NULL, 14, 5, '2026-04-20 23:54:16.515', '2026-04-20 23:54:16.515'),
(308, 'Rice Water', NULL, 54, 3, '2026-04-20 23:54:16.515', '2026-04-20 23:54:16.515'),
(309, 'Witch Hazel', NULL, 47, 5, '2026-04-20 23:54:16.515', '2026-04-20 23:54:16.515'),
(310, 'Garlic', NULL, 48, 4, '2026-04-20 23:54:16.515', '2026-04-20 23:54:16.515'),
(311, 'Marshmallow', NULL, 12, 4, '2026-04-20 23:54:16.515', '2026-04-20 23:54:16.515'),
(312, 'Rhodiola', NULL, 30, 1, '2026-04-20 23:54:16.515', '2026-04-20 23:54:16.515'),
(313, 'Cinnamon', NULL, 4, 1, '2026-04-20 23:54:16.515', '2026-04-20 23:54:16.515'),
(314, 'Aloe Vera', NULL, 12, 1, '2026-04-20 23:54:16.515', '2026-04-20 23:54:16.515'),
(315, 'Ginseng', NULL, 4, 1, '2026-04-20 23:54:16.515', '2026-04-20 23:54:16.515'),
(316, 'Apple Cider', NULL, 51, 3, '2026-04-20 23:54:16.515', '2026-04-20 23:54:16.515'),
(317, 'Ginseng', NULL, 18, 3, '2026-04-20 23:54:16.515', '2026-04-20 23:54:16.515'),
(318, 'Sesame', NULL, 40, 2, '2026-04-20 23:54:16.515', '2026-04-20 23:54:16.515'),
(319, 'Lavender Oil', NULL, 30, 4, '2026-04-20 23:54:16.515', '2026-04-20 23:54:16.515'),
(320, 'Butterbur', NULL, 37, 5, '2026-04-20 23:54:16.515', '2026-04-20 23:54:16.515'),
(321, 'Motherwort', NULL, 14, 4, '2026-04-20 23:54:16.515', '2026-04-20 23:54:16.515'),
(322, 'Fennel', NULL, 52, 5, '2026-04-20 23:54:16.515', '2026-04-20 23:54:16.515'),
(323, 'Vitamin K1', NULL, 20, 5, '2026-04-20 23:54:16.515', '2026-04-20 23:54:16.515'),
(324, 'Banana', NULL, 39, 5, '2026-04-20 23:54:16.515', '2026-04-20 23:54:16.515'),
(325, 'Sage Tea', NULL, 49, 5, '2026-04-20 23:54:16.515', '2026-04-20 23:54:16.515'),
(326, 'Garlic', NULL, 6, 3, '2026-04-20 23:54:16.515', '2026-04-20 23:54:16.515'),
(327, 'Licorice', NULL, 17, 4, '2026-04-20 23:54:16.515', '2026-04-20 23:54:16.515'),
(328, 'Berberine', NULL, 4, 3, '2026-04-20 23:54:16.515', '2026-04-20 23:54:16.515'),
(329, 'Lemon Balm', NULL, 32, 1, '2026-04-20 23:54:16.515', '2026-04-20 23:54:16.515'),
(330, 'Manuka Honey', NULL, 3, 4, '2026-04-20 23:54:16.515', '2026-04-20 23:54:16.515'),
(331, 'Oregano Oil', NULL, 3, 1, '2026-04-20 23:54:16.515', '2026-04-20 23:54:16.515'),
(332, 'Probiotics', NULL, 3, 3, '2026-04-20 23:54:16.515', '2026-04-20 23:54:16.515'),
(333, 'Slippery Elm', NULL, 9, 5, '2026-04-20 23:54:16.515', '2026-04-20 23:54:16.515'),
(334, 'Leafy Greens', NULL, 42, 2, '2026-04-20 23:54:16.515', '2026-04-20 23:54:16.515'),
(335, 'Ashwagandha', NULL, 26, 1, '2026-04-20 23:54:16.515', '2026-04-20 23:54:16.515'),
(336, 'Rhodiola', NULL, 30, 5, '2026-04-20 23:54:16.515', '2026-04-20 23:54:16.515'),
(337, 'Aloe Vera', NULL, 12, 5, '2026-04-20 23:54:16.515', '2026-04-20 23:54:16.515'),
(338, 'Turmeric', NULL, 13, 3, '2026-04-20 23:54:16.515', '2026-04-20 23:54:16.515'),
(339, 'Pau d’Arco', NULL, 48, 3, '2026-04-20 23:54:16.515', '2026-04-20 23:54:16.515'),
(340, 'Saw Palmetto', NULL, 19, 2, '2026-04-20 23:54:16.515', '2026-04-20 23:54:16.515'),
(341, 'Peppermint', NULL, 11, 2, '2026-04-20 23:54:16.515', '2026-04-20 23:54:16.515'),
(342, 'Valerian Root', NULL, 21, 2, '2026-04-20 23:54:16.515', '2026-04-20 23:54:16.515'),
(343, 'Echinacea', NULL, 3, 4, '2026-04-20 23:54:16.515', '2026-04-20 23:54:16.515'),
(344, 'Quercetin', NULL, 8, 3, '2026-04-20 23:54:16.515', '2026-04-20 23:54:16.515'),
(345, 'Aloe Vera', NULL, 46, 3, '2026-04-20 23:54:16.515', '2026-04-20 23:54:16.515'),
(346, 'Feverfew', NULL, 37, 2, '2026-04-20 23:54:16.515', '2026-04-20 23:54:16.515'),
(347, 'St. John’s Wort', NULL, 30, 3, '2026-04-20 23:54:16.515', '2026-04-20 23:54:16.515'),
(348, 'Ginger Root', NULL, 2, 2, '2026-04-20 23:54:16.515', '2026-04-20 23:54:16.515'),
(349, 'Neem', NULL, 44, 4, '2026-04-20 23:54:16.515', '2026-04-20 23:54:16.515'),
(350, 'Fenugreek', NULL, 4, 2, '2026-04-20 23:54:16.515', '2026-04-20 23:54:16.515'),
(351, 'Omega-3', NULL, 24, 3, '2026-04-20 23:54:16.515', '2026-04-20 23:54:16.515'),
(352, 'Red Yeast Rice', NULL, 6, 2, '2026-04-20 23:54:16.515', '2026-04-20 23:54:16.515'),
(353, 'Bacopa', NULL, 36, 1, '2026-04-20 23:54:16.515', '2026-04-20 23:54:16.515'),
(354, 'Hawthorn', NULL, 14, 4, '2026-04-20 23:54:16.515', '2026-04-20 23:54:16.515'),
(355, 'CoQ10', NULL, 14, 3, '2026-04-20 23:54:16.515', '2026-04-20 23:54:16.515'),
(356, 'Garlic', NULL, 48, 3, '2026-04-20 23:54:16.515', '2026-04-20 23:54:16.515'),
(357, 'Oregano Oil', NULL, 3, 5, '2026-04-20 23:54:16.515', '2026-04-20 23:54:16.515'),
(358, 'Marshmallow', NULL, 12, 3, '2026-04-20 23:54:16.515', '2026-04-20 23:54:16.515'),
(359, 'Ashwagandha', NULL, 26, 5, '2026-04-20 23:54:16.515', '2026-04-20 23:54:16.515'),
(360, 'Saffron', NULL, 31, 2, '2026-04-20 23:54:16.515', '2026-04-20 23:54:16.515'),
(361, 'Artichoke', NULL, 6, 4, '2026-04-20 23:54:16.515', '2026-04-20 23:54:16.515'),
(362, 'Apple Cider', NULL, 51, 2, '2026-04-20 23:54:16.515', '2026-04-20 23:54:16.515'),
(363, 'Ginseng', NULL, 18, 2, '2026-04-20 23:54:16.515', '2026-04-20 23:54:16.515'),
(364, 'Lavender Oil', NULL, 30, 3, '2026-04-20 23:54:16.515', '2026-04-20 23:54:16.515'),
(365, 'Butterbur', NULL, 37, 4, '2026-04-20 23:54:16.515', '2026-04-20 23:54:16.515'),
(366, 'Garlic', NULL, 5, 1, '2026-04-20 23:54:16.515', '2026-04-20 23:54:16.515'),
(367, 'Fennel', NULL, 52, 4, '2026-04-20 23:54:16.515', '2026-04-20 23:54:16.515'),
(368, 'Hawthorn', NULL, 5, 3, '2026-04-20 23:54:16.515', '2026-04-20 23:54:16.515'),
(369, 'Banana', NULL, 39, 4, '2026-04-20 23:54:16.515', '2026-04-20 23:54:16.515'),
(370, 'Garlic', NULL, 6, 2, '2026-04-20 23:54:16.515', '2026-04-20 23:54:16.515'),
(371, 'Oregano', NULL, 48, 3, '2026-04-20 23:54:16.515', '2026-04-20 23:54:16.515'),
(372, 'Berberine', NULL, 4, 2, '2026-04-20 23:54:16.515', '2026-04-20 23:54:16.515'),
(373, 'SAMe', NULL, 23, 4, '2026-04-20 23:54:16.515', '2026-04-20 23:54:16.515'),
(374, 'Bacopa', NULL, 36, 5, '2026-04-20 23:54:16.515', '2026-04-20 23:54:16.515'),
(375, 'Valerian', NULL, 32, 2, '2026-04-20 23:54:16.515', '2026-04-20 23:54:16.515'),
(376, 'Manuka Honey', NULL, 3, 3, '2026-04-20 23:54:16.515', '2026-04-20 23:54:16.515'),
(377, 'Probiotics', NULL, 3, 2, '2026-04-20 23:54:16.515', '2026-04-20 23:54:16.515'),
(378, 'Slippery Elm', NULL, 9, 4, '2026-04-20 23:54:16.515', '2026-04-20 23:54:16.515'),
(379, 'Leafy Greens', NULL, 42, 1, '2026-04-20 23:54:16.515', '2026-04-20 23:54:16.515'),
(380, 'Rhodiola', NULL, 30, 4, '2026-04-20 23:54:16.515', '2026-04-20 23:54:16.515'),
(381, 'Tea Tree Oil', NULL, 43, 3, '2026-04-20 23:54:16.515', '2026-04-20 23:54:16.515'),
(382, 'Pau d’Arco', NULL, 48, 2, '2026-04-20 23:54:16.515', '2026-04-20 23:54:16.515'),
(383, 'Turmeric', NULL, 13, 2, '2026-04-20 23:54:16.515', '2026-04-20 23:54:16.515'),
(384, 'Tea Tree Oil', NULL, 16, 4, '2026-04-20 23:54:16.515', '2026-04-20 23:54:16.515'),
(385, 'Ginkgo Biloba', NULL, 15, 1, '2026-04-20 23:54:16.515', '2026-04-20 23:54:16.515'),
(386, 'Peppermint', NULL, 11, 1, '2026-04-20 23:54:16.515', '2026-04-20 23:54:16.515'),
(387, 'Quercetin', NULL, 8, 2, '2026-04-20 23:54:16.515', '2026-04-20 23:54:16.515'),
(388, 'Aloe Vera', NULL, 46, 2, '2026-04-20 23:54:16.515', '2026-04-20 23:54:16.515'),
(389, 'Garlic', NULL, 5, 5, '2026-04-20 23:54:16.515', '2026-04-20 23:54:16.515'),
(390, 'Thyme', NULL, 28, 1, '2026-04-20 23:54:16.515', '2026-04-20 23:54:16.515'),
(391, 'St. John’s Wort', NULL, 30, 2, '2026-04-20 23:54:16.515', '2026-04-20 23:54:16.515'),
(392, 'Ginger Root', NULL, 2, 1, '2026-04-20 23:54:16.515', '2026-04-20 23:54:16.515'),
(393, 'Fenugreek', NULL, 4, 1, '2026-04-20 23:54:16.515', '2026-04-20 23:54:16.515'),
(394, 'Red Yeast Rice', NULL, 6, 1, '2026-04-20 23:54:16.515', '2026-04-20 23:54:16.515'),
(395, 'CoQ10', NULL, 14, 2, '2026-04-20 23:54:16.515', '2026-04-20 23:54:16.515'),
(396, 'Arnica', NULL, 13, 2, '2026-04-20 23:54:16.515', '2026-04-20 23:54:16.515'),
(397, 'Leafy Greens', NULL, 42, 5, '2026-04-20 23:54:16.515', '2026-04-20 23:54:16.515'),
(398, 'Saffron', NULL, 31, 1, '2026-04-20 23:54:16.515', '2026-04-20 23:54:16.515'),
(399, 'Artichoke', NULL, 6, 3, '2026-04-20 23:54:16.515', '2026-04-20 23:54:16.515'),
(400, 'Ginkgo Biloba', NULL, 15, 5, '2026-04-20 23:54:16.515', '2026-04-20 23:54:16.515'),
(401, 'Ginseng', NULL, 18, 1, '2026-04-20 23:54:16.515', '2026-04-20 23:54:16.515'),
(402, 'Tulsi/Ginger', NULL, 1, 2, '2026-04-20 23:54:16.515', '2026-04-20 23:54:16.515'),
(403, 'Hibiscus', NULL, 5, 2, '2026-04-20 23:54:16.515', '2026-04-20 23:54:16.515'),
(404, 'Passionflower', NULL, 31, 1, '2026-04-20 23:54:16.515', '2026-04-20 23:54:16.515'),
(405, 'Sunlight', NULL, 40, 4, '2026-04-20 23:54:16.515', '2026-04-20 23:54:16.515'),
(406, 'Magnesium', NULL, 22, 5, '2026-04-20 23:54:16.515', '2026-04-20 23:54:16.515'),
(407, 'Thyme', NULL, 28, 5, '2026-04-20 23:54:16.515', '2026-04-20 23:54:16.515'),
(408, 'Hawthorn', NULL, 5, 2, '2026-04-20 23:54:16.515', '2026-04-20 23:54:16.515'),
(409, 'Oregano', NULL, 48, 2, '2026-04-20 23:54:16.515', '2026-04-20 23:54:16.515'),
(410, 'SAMe', NULL, 23, 3, '2026-04-20 23:54:16.515', '2026-04-20 23:54:16.515'),
(411, 'Lobelia', NULL, 34, 3, '2026-04-20 23:54:16.515', '2026-04-20 23:54:16.515'),
(412, 'Valerian', NULL, 32, 1, '2026-04-20 23:54:16.515', '2026-04-20 23:54:16.515'),
(413, 'Clove Oil', NULL, 25, 2, '2026-04-20 23:54:16.515', '2026-04-20 23:54:16.515'),
(414, 'Manuka Honey', NULL, 3, 2, '2026-04-20 23:54:16.515', '2026-04-20 23:54:16.515'),
(415, 'Tea Tree Oil', NULL, 43, 2, '2026-04-20 23:54:16.515', '2026-04-20 23:54:16.515'),
(416, 'Ginkgo', NULL, 35, 2, '2026-04-20 23:54:16.515', '2026-04-20 23:54:16.515'),
(417, 'Tea Tree Oil', NULL, 16, 3, '2026-04-20 23:54:16.515', '2026-04-20 23:54:16.515'),
(418, 'Saffron', NULL, 31, 5, '2026-04-20 23:54:16.515', '2026-04-20 23:54:16.515'),
(419, 'Garlic', NULL, 5, 4, '2026-04-20 23:54:16.515', '2026-04-20 23:54:16.515'),
(420, 'Passionflower', NULL, 31, 5, '2026-04-20 23:54:16.515', '2026-04-20 23:54:16.515'),
(421, 'Dandelion', NULL, 27, 3, '2026-04-20 23:54:16.515', '2026-04-20 23:54:16.515'),
(422, 'Valerian', NULL, 32, 5, '2026-04-20 23:54:16.515', '2026-04-20 23:54:16.515'),
(423, 'CoQ10', NULL, 14, 1, '2026-04-20 23:54:16.515', '2026-04-20 23:54:16.515'),
(424, 'Arnica', NULL, 13, 1, '2026-04-20 23:54:16.515', '2026-04-20 23:54:16.515'),
(425, 'Honey', NULL, 45, 4, '2026-04-20 23:54:16.515', '2026-04-20 23:54:16.515'),
(426, 'Spinach', NULL, 41, 2, '2026-04-20 23:54:16.515', '2026-04-20 23:54:16.515'),
(427, 'Celery Seed', NULL, 5, 1, '2026-04-20 23:54:16.515', '2026-04-20 23:54:16.515'),
(428, 'Ginkgo Biloba', NULL, 15, 4, '2026-04-20 23:54:16.515', '2026-04-20 23:54:16.515'),
(429, 'Yogurt', NULL, 3, 4, '2026-04-20 23:54:16.515', '2026-04-20 23:54:16.515'),
(430, 'Tulsi/Ginger', NULL, 1, 1, '2026-04-20 23:54:16.515', '2026-04-20 23:54:16.515'),
(431, 'Chamomile', NULL, 9, 3, '2026-04-20 23:54:16.515', '2026-04-20 23:54:16.515'),
(432, 'Ivy Leaf', NULL, 7, 1, '2026-04-20 23:54:16.515', '2026-04-20 23:54:16.515'),
(433, 'Hibiscus', NULL, 5, 1, '2026-04-20 23:54:16.515', '2026-04-20 23:54:16.515'),
(434, 'Sunlight', NULL, 40, 3, '2026-04-20 23:54:16.515', '2026-04-20 23:54:16.515'),
(435, 'Magnesium', NULL, 22, 4, '2026-04-20 23:54:16.515', '2026-04-20 23:54:16.515'),
(436, 'Thyme', NULL, 28, 4, '2026-04-20 23:54:16.515', '2026-04-20 23:54:16.515'),
(437, 'Lobelia', NULL, 34, 2, '2026-04-20 23:54:16.515', '2026-04-20 23:54:16.515'),
(438, 'Clove Oil', NULL, 25, 1, '2026-04-20 23:54:16.515', '2026-04-20 23:54:16.515'),
(439, 'Arnica', NULL, 13, 5, '2026-04-20 23:54:16.515', '2026-04-20 23:54:16.515'),
(440, 'Calendula', NULL, 47, 4, '2026-04-20 23:54:16.515', '2026-04-20 23:54:16.515'),
(441, 'Ginkgo', NULL, 35, 1, '2026-04-20 23:54:16.515', '2026-04-20 23:54:16.515'),
(442, 'Celery Seed', NULL, 5, 5, '2026-04-20 23:54:16.515', '2026-04-20 23:54:16.515'),
(443, 'Corn Silk', NULL, 27, 3, '2026-04-20 23:54:16.515', '2026-04-20 23:54:16.515'),
(444, 'Guava', NULL, 53, 1, '2026-04-20 23:54:16.515', '2026-04-20 23:54:16.515'),
(445, 'Tulsi/Ginger', NULL, 1, 5, '2026-04-20 23:54:16.515', '2026-04-20 23:54:16.515'),
(446, 'Ivy Leaf', NULL, 7, 5, '2026-04-20 23:54:16.515', '2026-04-20 23:54:16.515'),
(447, 'Nettle', NULL, 8, 2, '2026-04-20 23:54:16.515', '2026-04-20 23:54:16.515'),
(448, 'Dandelion', NULL, 27, 2, '2026-04-20 23:54:16.515', '2026-04-20 23:54:16.515'),
(449, 'Magnesium', NULL, 33, 5, '2026-04-20 23:54:16.515', '2026-04-20 23:54:16.515'),
(450, 'Clove Oil', NULL, 25, 5, '2026-04-20 23:54:16.515', '2026-04-20 23:54:16.515'),
(451, 'B-Complex', NULL, 23, 3, '2026-04-20 23:54:16.515', '2026-04-20 23:54:16.515'),
(452, 'Honey', NULL, 45, 3, '2026-04-20 23:54:16.515', '2026-04-20 23:54:16.515'),
(453, 'Magnesium', NULL, 37, 2, '2026-04-20 23:54:16.515', '2026-04-20 23:54:16.515'),
(454, 'Spinach', NULL, 41, 1, '2026-04-20 23:54:16.515', '2026-04-20 23:54:16.515'),
(455, 'Alpha-Lipoic', NULL, 23, 4, '2026-04-20 23:54:16.515', '2026-04-20 23:54:16.515'),
(456, 'Turmeric', NULL, 7, 1, '2026-04-20 23:54:16.515', '2026-04-20 23:54:16.515'),
(457, 'Ginkgo', NULL, 35, 5, '2026-04-20 23:54:16.515', '2026-04-20 23:54:16.515'),
(458, 'Garlic', NULL, 3, 1, '2026-04-20 23:54:16.515', '2026-04-20 23:54:16.515'),
(459, 'Yogurt', NULL, 3, 3, '2026-04-20 23:54:16.515', '2026-04-20 23:54:16.515'),
(460, 'Chamomile', NULL, 9, 2, '2026-04-20 23:54:16.515', '2026-04-20 23:54:16.515'),
(461, 'Guava', NULL, 53, 5, '2026-04-20 23:54:16.515', '2026-04-20 23:54:16.515'),
(462, 'Parsley', NULL, 38, 3, '2026-04-20 23:54:16.515', '2026-04-20 23:54:16.515'),
(463, 'Sunlight', NULL, 40, 2, '2026-04-20 23:54:16.515', '2026-04-20 23:54:16.515'),
(464, 'Magnesium', NULL, 22, 3, '2026-04-20 23:54:16.515', '2026-04-20 23:54:16.515'),
(465, 'Castor Oil', NULL, 55, 4, '2026-04-20 23:54:16.515', '2026-04-20 23:54:16.515'),
(466, 'Butterbur', NULL, 8, 1, '2026-04-20 23:54:16.515', '2026-04-20 23:54:16.515'),
(467, 'Aloe Vera', NULL, 43, 2, '2026-04-20 23:54:16.515', '2026-04-20 23:54:16.515'),
(468, 'Cranberry', NULL, 10, 3, '2026-04-20 23:54:16.515', '2026-04-20 23:54:16.515'),
(469, 'Lobelia', NULL, 34, 1, '2026-04-20 23:54:16.515', '2026-04-20 23:54:16.515'),
(470, 'Curcumin', NULL, 17, 3, '2026-04-20 23:54:16.515', '2026-04-20 23:54:16.515'),
(471, 'Cinnamon', NULL, 4, 5, '2026-04-20 23:54:16.515', '2026-04-20 23:54:16.515'),
(472, 'Ginseng', NULL, 4, 5, '2026-04-20 23:54:16.515', '2026-04-20 23:54:16.515'),
(473, 'Honey', NULL, 3, 1, '2026-04-20 23:54:16.515', '2026-04-20 23:54:16.515'),
(474, 'Calendula', NULL, 47, 3, '2026-04-20 23:54:16.515', '2026-04-20 23:54:16.515'),
(475, 'Clove Oil', NULL, 50, 2, '2026-04-20 23:54:16.515', '2026-04-20 23:54:16.515'),
(476, 'Turmeric', NULL, 7, 5, '2026-04-20 23:54:16.515', '2026-04-20 23:54:16.515'),
(477, 'Prune Juice', NULL, 55, 3, '2026-04-20 23:54:16.515', '2026-04-20 23:54:16.515'),
(478, 'Celery Seed', NULL, 5, 4, '2026-04-20 23:54:16.515', '2026-04-20 23:54:16.515'),
(479, 'Corn Silk', NULL, 27, 2, '2026-04-20 23:54:16.515', '2026-04-20 23:54:16.515'),
(480, 'Garlic', NULL, 3, 5, '2026-04-20 23:54:16.515', '2026-04-20 23:54:16.515');

-- --------------------------------------------------------

--
-- Table structure for table `medicines`
--

CREATE TABLE `medicines` (
  `id` int(11) NOT NULL,
  `generic_name` varchar(150) NOT NULL,
  `description` varchar(191) DEFAULT NULL,
  `category` varchar(100) DEFAULT NULL,
  `dosage` varchar(100) DEFAULT NULL,
  `form` varchar(50) DEFAULT NULL,
  `created_at` datetime(3) NOT NULL DEFAULT current_timestamp(3),
  `updated_at` datetime(3) NOT NULL
) ENGINE=InnoDB DEFAULT CHARSET=utf8mb4 COLLATE=utf8mb4_unicode_ci;

--
-- Dumping data for table `medicines`
--

INSERT INTO `medicines` (`id`, `generic_name`, `description`, `category`, `dosage`, `form`, `created_at`, `updated_at`) VALUES
(3, 'Paracetamol', NULL, 'Painkiller', NULL, NULL, '2026-04-20 23:05:38.477', '2026-04-20 23:05:38.477'),
(4, 'Omeprazole', NULL, 'Antacid', NULL, NULL, '2026-04-20 23:05:38.477', '2026-04-20 23:05:38.477'),
(5, 'Azithromycin', NULL, 'Antibiotic', NULL, NULL, '2026-04-20 23:05:38.477', '2026-04-20 23:05:38.477'),
(6, 'Metformin', NULL, 'Antidiabetic', NULL, NULL, '2026-04-20 23:05:38.477', '2026-04-20 23:05:38.477'),
(7, 'Amlodipine', NULL, 'Antihypertensive', NULL, NULL, '2026-04-20 23:05:38.477', '2026-04-20 23:05:38.477'),
(8, 'Atorvastatin', NULL, 'Lipid-lowering', NULL, NULL, '2026-04-20 23:05:38.477', '2026-04-20 23:05:38.477'),
(9, 'Salbutamol', NULL, 'Bronchodilator', NULL, NULL, '2026-04-20 23:05:38.477', '2026-04-20 23:05:38.477'),
(10, 'Cetirizine', NULL, 'Antihistamine', NULL, NULL, '2026-04-20 23:05:38.477', '2026-04-20 23:05:38.477'),
(11, 'Esomeprazole', NULL, 'Antacid', NULL, NULL, '2026-04-20 23:05:38.477', '2026-04-20 23:05:38.477'),
(12, 'Montelukast', NULL, 'Anti-asthmatic', NULL, NULL, '2026-04-20 23:05:38.477', '2026-04-20 23:05:38.477'),
(13, 'Ciprofloxacin', NULL, 'Antibiotic', NULL, NULL, '2026-04-20 23:05:38.477', '2026-04-20 23:05:38.477'),
(14, 'Losartan', NULL, 'Antihypertensive', NULL, NULL, '2026-04-20 23:05:38.477', '2026-04-20 23:05:38.477'),
(15, 'Domperidone', NULL, 'Antiemetic', NULL, NULL, '2026-04-20 23:05:38.477', '2026-04-20 23:05:38.477'),
(16, 'Pantoprazole', NULL, 'Antacid', NULL, NULL, '2026-04-20 23:05:38.477', '2026-04-20 23:05:38.477'),
(17, 'Fexofenadine', NULL, 'Antihistamine', NULL, NULL, '2026-04-20 23:05:38.477', '2026-04-20 23:05:38.477'),
(18, 'Diclofenac', NULL, 'NSAID', NULL, NULL, '2026-04-20 23:05:38.477', '2026-04-20 23:05:38.477'),
(19, 'Rosuvastatin', NULL, 'Lipid-lowering', NULL, NULL, '2026-04-20 23:05:38.477', '2026-04-20 23:05:38.477'),
(20, 'Bisoprolol', NULL, 'Beta-blocker', NULL, NULL, '2026-04-20 23:05:38.477', '2026-04-20 23:05:38.477'),
(21, 'Desloratadine', NULL, 'Antihistamine', NULL, NULL, '2026-04-20 23:05:38.477', '2026-04-20 23:05:38.477'),
(22, 'Metronidazole', NULL, 'Antibiotic', NULL, NULL, '2026-04-20 23:05:38.477', '2026-04-20 23:05:38.477'),
(23, 'Clopidogrel', NULL, 'Antiplatelet', NULL, NULL, '2026-04-20 23:05:38.477', '2026-04-20 23:05:38.477'),
(24, 'Glimepiride', NULL, 'Antidiabetic', NULL, NULL, '2026-04-20 23:05:38.477', '2026-04-20 23:05:38.477'),
(25, 'Levofloxacin', NULL, 'Antibiotic', NULL, NULL, '2026-04-20 23:05:38.477', '2026-04-20 23:05:38.477'),
(26, 'Fluconazole', NULL, 'Antifungal', NULL, NULL, '2026-04-20 23:05:38.477', '2026-04-20 23:05:38.477'),
(27, 'Sitagliptin', NULL, 'Antidiabetic', NULL, NULL, '2026-04-20 23:05:38.477', '2026-04-20 23:05:38.477'),
(28, 'Ramipril', NULL, 'ACE Inhibitor', NULL, NULL, '2026-04-20 23:05:38.477', '2026-04-20 23:05:38.477'),
(29, 'Vildagliptin', NULL, 'Antidiabetic', NULL, NULL, '2026-04-20 23:05:38.477', '2026-04-20 23:05:38.477'),
(30, 'Moxifloxacin', NULL, 'Antibiotic', NULL, NULL, '2026-04-20 23:05:38.477', '2026-04-20 23:05:38.477'),
(31, 'Prednisolone', NULL, 'Steroid', NULL, NULL, '2026-04-20 23:05:38.477', '2026-04-20 23:05:38.477'),
(32, 'Ranitidine', NULL, 'H2 Blocker', NULL, NULL, '2026-04-20 23:05:38.477', '2026-04-20 23:05:38.477'),
(33, 'Sildenafil', NULL, 'PDE5 Inhibitor', NULL, NULL, '2026-04-20 23:05:38.477', '2026-04-20 23:05:38.477'),
(34, 'Tamsulosin', NULL, 'Alpha-blocker', NULL, NULL, '2026-04-20 23:05:38.477', '2026-04-20 23:05:38.477'),
(35, 'Warfarin', NULL, 'Anticoagulant', NULL, NULL, '2026-04-20 23:05:38.477', '2026-04-20 23:05:38.477'),
(36, 'Zolpidem', NULL, 'Sedative', NULL, NULL, '2026-04-20 23:05:38.477', '2026-04-20 23:05:38.477'),
(37, 'Baclofen', NULL, 'Muscle Relaxant', NULL, NULL, '2026-04-20 23:05:38.477', '2026-04-20 23:05:38.477'),
(38, 'Gabapentin', NULL, 'Anticonvulsant', NULL, NULL, '2026-04-20 23:05:38.477', '2026-04-20 23:05:38.477'),
(39, 'Ibuprofen', NULL, 'NSAID', NULL, NULL, '2026-04-20 23:05:38.477', '2026-04-20 23:05:38.477'),
(40, 'Loratadine', NULL, 'Antihistamine', NULL, NULL, '2026-04-20 23:05:38.477', '2026-04-20 23:05:38.477'),
(41, 'Naproxen', NULL, 'NSAID', NULL, NULL, '2026-04-20 23:05:38.477', '2026-04-20 23:05:38.477'),
(42, 'Tramadol', NULL, 'Opioid', NULL, NULL, '2026-04-20 23:05:38.477', '2026-04-20 23:05:38.477'),
(43, 'Valsartan', NULL, 'ARB', NULL, NULL, '2026-04-20 23:05:38.477', '2026-04-20 23:05:38.477'),
(44, 'Simvastatin', NULL, 'Statin', NULL, NULL, '2026-04-20 23:05:38.477', '2026-04-20 23:05:38.477'),
(45, 'Telmisartan', NULL, 'ARB', NULL, NULL, '2026-04-20 23:05:38.477', '2026-04-20 23:05:38.477'),
(46, 'Pregabalin', NULL, 'Anticonvulsant', NULL, NULL, '2026-04-20 23:05:38.477', '2026-04-20 23:05:38.477'),
(47, 'Levothyroxine', NULL, 'Hormone', NULL, NULL, '2026-04-20 23:05:38.477', '2026-04-20 23:05:38.477'),
(48, 'Doxycycline', NULL, 'Antibiotic', NULL, NULL, '2026-04-20 23:05:38.477', '2026-04-20 23:05:38.477'),
(49, 'Cefixime', NULL, 'Antibiotic', NULL, NULL, '2026-04-20 23:05:38.477', '2026-04-20 23:05:38.477'),
(50, 'Amoxicillin', NULL, 'Antibiotic', NULL, NULL, '2026-04-20 23:05:38.477', '2026-04-20 23:05:38.477'),
(51, 'Carvedilol', NULL, 'Beta-blocker', NULL, NULL, '2026-04-20 23:05:38.477', '2026-04-20 23:05:38.477'),
(52, 'Spironolactone', NULL, 'Diuretic', NULL, NULL, '2026-04-20 23:05:38.477', '2026-04-20 23:05:38.477'),
(53, 'Guaifenesin', NULL, 'Expectorant', NULL, NULL, '2026-04-20 23:05:38.477', '2026-04-20 23:05:38.477'),
(54, 'Clarithromycin', NULL, 'Antibiotic', NULL, NULL, '2026-04-20 23:05:38.477', '2026-04-20 23:05:38.477'),
(55, 'Dexamethasone', NULL, 'Steroid', NULL, NULL, '2026-04-20 23:05:38.477', '2026-04-20 23:05:38.477'),
(56, 'Ondansetron', NULL, 'Antiemetic', NULL, NULL, '2026-04-20 23:05:38.477', '2026-04-20 23:05:38.477'),
(57, 'Lansoprazole', NULL, 'Antacid', NULL, NULL, '2026-04-20 23:05:38.477', '2026-04-20 23:05:38.477'),
(58, 'Fluoxetine', NULL, 'Antidepressant', NULL, NULL, '2026-04-20 23:05:38.477', '2026-04-20 23:05:38.477'),
(59, 'Sertraline', NULL, 'Antidepressant', NULL, NULL, '2026-04-20 23:05:38.477', '2026-04-20 23:05:38.477'),
(60, 'Escitalopram', NULL, 'Antidepressant', NULL, NULL, '2026-04-20 23:05:38.477', '2026-04-20 23:05:38.477'),
(61, 'Alprazolam', NULL, 'Anxiolytic', NULL, NULL, '2026-04-20 23:05:38.477', '2026-04-20 23:05:38.477'),
(62, 'Diazepam', NULL, 'Benzodiazepine', NULL, NULL, '2026-04-20 23:05:38.477', '2026-04-20 23:05:38.477'),
(63, 'Lorazepam', NULL, 'Benzodiazepine', NULL, NULL, '2026-04-20 23:05:38.477', '2026-04-20 23:05:38.477'),
(64, 'Clonazepam', NULL, 'Benzodiazepine', NULL, NULL, '2026-04-20 23:05:38.477', '2026-04-20 23:05:38.477'),
(65, 'Venlafaxine', NULL, 'SNRI', NULL, NULL, '2026-04-20 23:05:38.477', '2026-04-20 23:05:38.477'),
(66, 'Duloxetine', NULL, 'SNRI', NULL, NULL, '2026-04-20 23:05:38.477', '2026-04-20 23:05:38.477'),
(67, 'Bupropion', NULL, 'Antidepressant', NULL, NULL, '2026-04-20 23:05:38.477', '2026-04-20 23:05:38.477'),
(68, 'Methylphenidate', NULL, 'Stimulant', NULL, NULL, '2026-04-20 23:05:38.477', '2026-04-20 23:05:38.477'),
(69, 'Modafinil', NULL, 'Stimulant', NULL, NULL, '2026-04-20 23:05:38.477', '2026-04-20 23:05:38.477'),
(70, 'Lisinopril', NULL, 'ACE Inhibitor', NULL, NULL, '2026-04-20 23:05:38.477', '2026-04-20 23:05:38.477'),
(71, 'Enalapril', NULL, 'ACE Inhibitor', NULL, NULL, '2026-04-20 23:05:38.477', '2026-04-20 23:05:38.477'),
(72, 'Propranolol', NULL, 'Beta-blocker', NULL, NULL, '2026-04-20 23:05:38.477', '2026-04-20 23:05:38.477'),
(73, 'Atenolol', NULL, 'Beta-blocker', NULL, NULL, '2026-04-20 23:05:38.477', '2026-04-20 23:05:38.477'),
(74, 'Metoprolol', NULL, 'Beta-blocker', NULL, NULL, '2026-04-20 23:05:38.477', '2026-04-20 23:05:38.477'),
(75, 'Furosemide', NULL, 'Diuretic', NULL, NULL, '2026-04-20 23:05:38.477', '2026-04-20 23:05:38.477'),
(76, 'Hydrochlorothiazide', NULL, 'Diuretic', NULL, NULL, '2026-04-20 23:05:38.477', '2026-04-20 23:05:38.477'),
(77, 'Potassium Chloride', NULL, 'Mineral', NULL, NULL, '2026-04-20 23:05:38.477', '2026-04-20 23:05:38.477'),
(78, 'Calcium Carbonate', NULL, 'Mineral', NULL, NULL, '2026-04-20 23:05:38.477', '2026-04-20 23:05:38.477'),
(79, 'Vitamin D3', NULL, 'Vitamin', NULL, NULL, '2026-04-20 23:05:38.477', '2026-04-20 23:05:38.477'),
(80, 'Iron Complex', NULL, 'Mineral', NULL, NULL, '2026-04-20 23:05:38.477', '2026-04-20 23:05:38.477'),
(81, 'Folic Acid', NULL, 'Vitamin', NULL, NULL, '2026-04-20 23:05:38.477', '2026-04-20 23:05:38.477'),
(82, 'Azelaic Acid', NULL, 'Topical', NULL, NULL, '2026-04-20 23:05:38.477', '2026-04-20 23:05:38.477'),
(83, 'Adapalene', NULL, 'Retinoid', NULL, NULL, '2026-04-20 23:05:38.477', '2026-04-20 23:05:38.477'),
(84, 'Ketoconazole', NULL, 'Antifungal', NULL, NULL, '2026-04-20 23:05:38.477', '2026-04-20 23:05:38.477'),
(85, 'Mupirocin', NULL, 'Antibiotic', NULL, NULL, '2026-04-20 23:05:38.477', '2026-04-20 23:05:38.477'),
(86, 'Silver Sulfadiazine', NULL, 'Topical', NULL, NULL, '2026-04-20 23:05:38.477', '2026-04-20 23:05:38.477'),
(87, 'Clobetasol', NULL, 'Steroid', NULL, NULL, '2026-04-20 23:05:38.477', '2026-04-20 23:05:38.477'),
(88, 'Betamethasone', NULL, 'Steroid', NULL, NULL, '2026-04-20 23:05:38.477', '2026-04-20 23:05:38.477'),
(89, 'Hydrocortisone', NULL, 'Steroid', NULL, NULL, '2026-04-20 23:05:38.477', '2026-04-20 23:05:38.477'),
(90, 'Terbinafine', NULL, 'Antifungal', NULL, NULL, '2026-04-20 23:05:38.477', '2026-04-20 23:05:38.477'),
(91, 'Nystatin', NULL, 'Antifungal', NULL, NULL, '2026-04-20 23:05:38.477', '2026-04-20 23:05:38.477'),
(92, 'Miconazole', NULL, 'Antifungal', NULL, NULL, '2026-04-20 23:05:38.477', '2026-04-20 23:05:38.477'),
(93, 'Chlorhexidine', NULL, 'Antiseptic', NULL, NULL, '2026-04-20 23:05:38.477', '2026-04-20 23:05:38.477'),
(94, 'Lidocaine', NULL, 'Anesthetic', NULL, NULL, '2026-04-20 23:05:38.477', '2026-04-20 23:05:38.477'),
(95, 'Salicylic Acid', NULL, 'Keratolytic', NULL, NULL, '2026-04-20 23:05:38.477', '2026-04-20 23:05:38.477'),
(96, 'Sumatriptan', NULL, 'Triptan', NULL, NULL, '2026-04-20 23:05:38.477', '2026-04-20 23:05:38.477'),
(97, 'Eletriptan', NULL, 'Triptan', NULL, NULL, '2026-04-20 23:05:38.477', '2026-04-20 23:05:38.477'),
(98, 'Gaviscon (Complex)', NULL, 'Antacid', NULL, NULL, '2026-04-20 23:05:38.477', '2026-04-20 23:05:38.477'),
(99, 'Bismuth Subsalicylate', NULL, 'Antidiarrheal', NULL, NULL, '2026-04-20 23:05:38.477', '2026-04-20 23:05:38.477'),
(100, 'Loperamide', NULL, 'Antidiarrheal', NULL, NULL, '2026-04-20 23:05:38.477', '2026-04-20 23:05:38.477'),
(101, 'Senna', NULL, 'Laxative', NULL, NULL, '2026-04-20 23:05:38.477', '2026-04-20 23:05:38.477'),
(102, 'Bisacodyl', NULL, 'Laxative', NULL, NULL, '2026-04-20 23:05:38.477', '2026-04-20 23:05:38.477');

-- --------------------------------------------------------

--
-- Table structure for table `medicine_brands`
--

CREATE TABLE `medicine_brands` (
  `id` int(11) NOT NULL,
  `medicine_id` int(11) NOT NULL,
  `brand_name` varchar(150) NOT NULL,
  `manufacturer` varchar(150) DEFAULT NULL,
  `country_id` int(11) DEFAULT NULL,
  `availability` enum('AVAILABLE','DISCONTINUED','UNAVAILABLE') NOT NULL DEFAULT 'AVAILABLE',
  `status` varchar(100) DEFAULT NULL,
  `created_at` datetime(3) NOT NULL DEFAULT current_timestamp(3),
  `updated_at` datetime(3) NOT NULL
) ENGINE=InnoDB DEFAULT CHARSET=utf8mb4 COLLATE=utf8mb4_general_ci;

--
-- Dumping data for table `medicine_brands`
--

INSERT INTO `medicine_brands` (`id`, `medicine_id`, `brand_name`, `manufacturer`, `country_id`, `availability`, `status`, `created_at`, `updated_at`) VALUES
(1, 3, 'Napa', NULL, 1, 'AVAILABLE', 'Active', '2026-04-20 23:17:32.791', '2026-04-20 23:17:32.791'),
(2, 4, 'Seclo', NULL, 1, 'AVAILABLE', 'Active', '2026-04-20 23:17:32.791', '2026-04-20 23:17:32.791'),
(3, 5, 'Zimax', NULL, 1, 'AVAILABLE', 'Active', '2026-04-20 23:17:32.791', '2026-04-20 23:17:32.791'),
(4, 6, 'Comet', NULL, 1, 'AVAILABLE', 'Active', '2026-04-20 23:17:32.791', '2026-04-20 23:17:32.791'),
(5, 7, 'Camlodin', NULL, 1, 'AVAILABLE', 'Active', '2026-04-20 23:17:32.791', '2026-04-20 23:17:32.791'),
(6, 8, 'Anclog', NULL, 1, 'AVAILABLE', 'Active', '2026-04-20 23:17:32.791', '2026-04-20 23:17:32.791'),
(7, 9, 'Azmasol', NULL, 1, 'AVAILABLE', 'Active', '2026-04-20 23:17:32.791', '2026-04-20 23:17:32.791'),
(8, 10, 'Alatrol', NULL, 1, 'AVAILABLE', 'Active', '2026-04-20 23:17:32.791', '2026-04-20 23:17:32.791'),
(9, 11, 'Maxpro', NULL, 1, 'AVAILABLE', 'Active', '2026-04-20 23:17:32.791', '2026-04-20 23:17:32.791'),
(10, 12, 'Monas', NULL, 1, 'AVAILABLE', 'Active', '2026-04-20 23:17:32.791', '2026-04-20 23:17:32.791'),
(11, 13, 'Neofloxin', NULL, 1, 'AVAILABLE', 'Active', '2026-04-20 23:17:32.791', '2026-04-20 23:17:32.791'),
(12, 14, 'Angilock', NULL, 1, 'AVAILABLE', 'Active', '2026-04-20 23:17:32.791', '2026-04-20 23:17:32.791'),
(13, 15, 'Omidon', NULL, 1, 'AVAILABLE', 'Active', '2026-04-20 23:17:32.791', '2026-04-20 23:17:32.791'),
(14, 16, 'Pantonix', NULL, 1, 'AVAILABLE', 'Active', '2026-04-20 23:17:32.791', '2026-04-20 23:17:32.791'),
(15, 17, 'Fenadin', NULL, 1, 'AVAILABLE', 'Active', '2026-04-20 23:17:32.791', '2026-04-20 23:17:32.791'),
(16, 18, 'Clofenac', NULL, 1, 'AVAILABLE', 'Active', '2026-04-20 23:17:32.791', '2026-04-20 23:17:32.791'),
(17, 19, 'Rostar', NULL, 1, 'AVAILABLE', 'Active', '2026-04-20 23:17:32.791', '2026-04-20 23:17:32.791'),
(18, 20, 'Bisoprol', NULL, 1, 'AVAILABLE', 'Active', '2026-04-20 23:17:32.791', '2026-04-20 23:17:32.791'),
(19, 21, 'Deslor', NULL, 1, 'AVAILABLE', 'Active', '2026-04-20 23:17:32.791', '2026-04-20 23:17:32.791'),
(20, 22, 'Filmet', NULL, 1, 'AVAILABLE', 'Active', '2026-04-20 23:17:32.791', '2026-04-20 23:17:32.791'),
(21, 23, 'Anclog', NULL, 1, 'AVAILABLE', 'Active', '2026-04-20 23:17:32.791', '2026-04-20 23:17:32.791'),
(22, 24, 'Amaryl', NULL, 1, 'AVAILABLE', 'Active', '2026-04-20 23:17:32.791', '2026-04-20 23:17:32.791'),
(23, 25, 'Livo', NULL, 1, 'AVAILABLE', 'Active', '2026-04-20 23:17:32.791', '2026-04-20 23:17:32.791'),
(24, 26, 'Omastin', NULL, 1, 'AVAILABLE', 'Active', '2026-04-20 23:17:32.791', '2026-04-20 23:17:32.791'),
(25, 27, 'Januvia', NULL, 1, 'AVAILABLE', 'Active', '2026-04-20 23:17:32.791', '2026-04-20 23:17:32.791'),
(26, 28, 'Ramace', NULL, 1, 'AVAILABLE', 'Active', '2026-04-20 23:17:32.791', '2026-04-20 23:17:32.791'),
(27, 29, 'Galvus', NULL, 1, 'AVAILABLE', 'Active', '2026-04-20 23:17:32.791', '2026-04-20 23:17:32.791'),
(28, 30, 'Moxiva', NULL, 1, 'AVAILABLE', 'Active', '2026-04-20 23:17:32.791', '2026-04-20 23:17:32.791'),
(29, 31, 'Prelon', NULL, 1, 'AVAILABLE', 'Active', '2026-04-20 23:17:32.791', '2026-04-20 23:17:32.791'),
(30, 32, 'Neoceptin', NULL, 1, 'AVAILABLE', 'Active', '2026-04-20 23:17:32.791', '2026-04-20 23:17:32.791'),
(31, 33, 'Edegra', NULL, 1, 'AVAILABLE', 'Active', '2026-04-20 23:17:32.791', '2026-04-20 23:17:32.791'),
(32, 34, 'Uromax', NULL, 1, 'AVAILABLE', 'Active', '2026-04-20 23:17:32.791', '2026-04-20 23:17:32.791'),
(33, 35, 'Orfarin', NULL, 1, 'AVAILABLE', 'Active', '2026-04-20 23:17:32.791', '2026-04-20 23:17:32.791'),
(34, 36, 'Zap', NULL, 1, 'AVAILABLE', 'Active', '2026-04-20 23:17:32.791', '2026-04-20 23:17:32.791'),
(35, 37, 'Baclo', NULL, 1, 'AVAILABLE', 'Active', '2026-04-20 23:17:32.791', '2026-04-20 23:17:32.791'),
(36, 38, 'Gaba', NULL, 1, 'AVAILABLE', 'Active', '2026-04-20 23:17:32.791', '2026-04-20 23:17:32.791'),
(37, 39, 'Advil', NULL, 1, 'AVAILABLE', 'Active', '2026-04-20 23:17:32.791', '2026-04-20 23:17:32.791'),
(38, 40, 'Loratin', NULL, 1, 'AVAILABLE', 'Active', '2026-04-20 23:17:32.791', '2026-04-20 23:17:32.791'),
(39, 41, 'Napryn', NULL, 1, 'AVAILABLE', 'Active', '2026-04-20 23:17:32.791', '2026-04-20 23:17:32.791'),
(40, 42, 'Tralol', NULL, 1, 'AVAILABLE', 'Active', '2026-04-20 23:17:32.791', '2026-04-20 23:17:32.791'),
(41, 43, 'Valas', NULL, 1, 'AVAILABLE', 'Active', '2026-04-20 23:17:32.791', '2026-04-20 23:17:32.791'),
(42, 44, 'Simva', NULL, 1, 'AVAILABLE', 'Active', '2026-04-20 23:17:32.791', '2026-04-20 23:17:32.791'),
(43, 45, 'Telmi', NULL, 1, 'AVAILABLE', 'Active', '2026-04-20 23:17:32.791', '2026-04-20 23:17:32.791'),
(44, 46, 'Lyrica', NULL, 1, 'AVAILABLE', 'Active', '2026-04-20 23:17:32.791', '2026-04-20 23:17:32.791'),
(45, 47, 'Thyrox', NULL, 1, 'AVAILABLE', 'Active', '2026-04-20 23:17:32.791', '2026-04-20 23:17:32.791'),
(46, 48, 'Doxy', NULL, 1, 'AVAILABLE', 'Active', '2026-04-20 23:17:32.791', '2026-04-20 23:17:32.791'),
(47, 49, 'Denvar', NULL, 1, 'AVAILABLE', 'Active', '2026-04-20 23:17:32.791', '2026-04-20 23:17:32.791'),
(48, 50, 'Moxilin', NULL, 1, 'AVAILABLE', 'Active', '2026-04-20 23:17:32.791', '2026-04-20 23:17:32.791'),
(49, 51, 'Carva', NULL, 1, 'AVAILABLE', 'Active', '2026-04-20 23:17:32.791', '2026-04-20 23:17:32.791'),
(50, 52, 'Aldactone', NULL, 1, 'AVAILABLE', 'Active', '2026-04-20 23:17:32.791', '2026-04-20 23:17:32.791'),
(51, 53, 'G-Fen', NULL, 1, 'AVAILABLE', 'Active', '2026-04-20 23:17:32.791', '2026-04-20 23:17:32.791'),
(52, 54, 'Claricin', NULL, 1, 'AVAILABLE', 'Active', '2026-04-20 23:17:32.791', '2026-04-20 23:17:32.791'),
(53, 55, 'Oradexon', NULL, 1, 'AVAILABLE', 'Active', '2026-04-20 23:17:32.791', '2026-04-20 23:17:32.791'),
(54, 56, 'Emistat', NULL, 1, 'AVAILABLE', 'Active', '2026-04-20 23:17:32.791', '2026-04-20 23:17:32.791'),
(55, 57, 'Lanzo', NULL, 1, 'AVAILABLE', 'Active', '2026-04-20 23:17:32.791', '2026-04-20 23:17:32.791'),
(56, 58, 'Deflux', NULL, 1, 'AVAILABLE', 'Active', '2026-04-20 23:17:32.791', '2026-04-20 23:17:32.791'),
(57, 59, 'Serenata', NULL, 1, 'AVAILABLE', 'Active', '2026-04-20 23:17:32.791', '2026-04-20 23:17:32.791'),
(58, 60, 'Nexcit', NULL, 1, 'AVAILABLE', 'Active', '2026-04-20 23:17:32.791', '2026-04-20 23:17:32.791'),
(59, 61, 'Xanax', NULL, 1, 'AVAILABLE', 'Active', '2026-04-20 23:17:32.791', '2026-04-20 23:17:32.791'),
(60, 62, 'Seduxen', NULL, 1, 'AVAILABLE', 'Active', '2026-04-20 23:17:32.791', '2026-04-20 23:17:32.791'),
(61, 63, 'Ativan', NULL, 1, 'AVAILABLE', 'Active', '2026-04-20 23:17:32.791', '2026-04-20 23:17:32.791'),
(62, 64, 'Rivotril', NULL, 1, 'AVAILABLE', 'Active', '2026-04-20 23:17:32.791', '2026-04-20 23:17:32.791'),
(63, 65, 'Venlax', NULL, 1, 'AVAILABLE', 'Active', '2026-04-20 23:17:32.791', '2026-04-20 23:17:32.791'),
(64, 66, 'Dulo', NULL, 1, 'AVAILABLE', 'Active', '2026-04-20 23:17:32.791', '2026-04-20 23:17:32.791'),
(65, 67, 'Wellbutrin', NULL, 1, 'AVAILABLE', 'Active', '2026-04-20 23:17:32.791', '2026-04-20 23:17:32.791'),
(66, 68, 'Concerta', NULL, 1, 'AVAILABLE', 'Active', '2026-04-20 23:17:32.791', '2026-04-20 23:17:32.791'),
(67, 69, 'Modafil', NULL, 1, 'AVAILABLE', 'Active', '2026-04-20 23:17:32.791', '2026-04-20 23:17:32.791'),
(68, 70, 'Lisipril', NULL, 1, 'AVAILABLE', 'Active', '2026-04-20 23:17:32.791', '2026-04-20 23:17:32.791'),
(69, 71, 'Enace', NULL, 1, 'AVAILABLE', 'Active', '2026-04-20 23:17:32.791', '2026-04-20 23:17:32.791'),
(70, 72, 'Indever', NULL, 1, 'AVAILABLE', 'Active', '2026-04-20 23:17:32.791', '2026-04-20 23:17:32.791'),
(71, 73, 'Tenormin', NULL, 1, 'AVAILABLE', 'Active', '2026-04-20 23:17:32.791', '2026-04-20 23:17:32.791'),
(72, 74, 'Betaloc', NULL, 1, 'AVAILABLE', 'Active', '2026-04-20 23:17:32.791', '2026-04-20 23:17:32.791'),
(73, 75, 'Lasix', NULL, 1, 'AVAILABLE', 'Active', '2026-04-20 23:17:32.791', '2026-04-20 23:17:32.791'),
(74, 76, 'Hydrochlor', NULL, 1, 'AVAILABLE', 'Active', '2026-04-20 23:17:32.791', '2026-04-20 23:17:32.791'),
(75, 77, 'K-Lyte', NULL, 1, 'AVAILABLE', 'Active', '2026-04-20 23:17:32.791', '2026-04-20 23:17:32.791'),
(76, 78, 'Calbo', NULL, 1, 'AVAILABLE', 'Active', '2026-04-20 23:17:32.791', '2026-04-20 23:17:32.791'),
(77, 79, 'D-Rise', NULL, 1, 'AVAILABLE', 'Active', '2026-04-20 23:17:32.791', '2026-04-20 23:17:32.791'),
(78, 80, 'Fefol', NULL, 1, 'AVAILABLE', 'Active', '2026-04-20 23:17:32.791', '2026-04-20 23:17:32.791'),
(79, 81, 'Folison', NULL, 1, 'AVAILABLE', 'Active', '2026-04-20 23:17:32.791', '2026-04-20 23:17:32.791'),
(80, 82, 'Azelox', NULL, 1, 'AVAILABLE', 'Active', '2026-04-20 23:17:32.791', '2026-04-20 23:17:32.791'),
(81, 83, 'Ada', NULL, 1, 'AVAILABLE', 'Active', '2026-04-20 23:17:32.791', '2026-04-20 23:17:32.791'),
(82, 84, 'Nizoral', NULL, 1, 'AVAILABLE', 'Active', '2026-04-20 23:17:32.791', '2026-04-20 23:17:32.791'),
(83, 85, 'Mupin', NULL, 1, 'AVAILABLE', 'Active', '2026-04-20 23:17:32.791', '2026-04-20 23:17:32.791'),
(84, 86, 'Burnol', NULL, 1, 'AVAILABLE', 'Active', '2026-04-20 23:17:32.791', '2026-04-20 23:17:32.791'),
(85, 87, 'Clobet', NULL, 1, 'AVAILABLE', 'Active', '2026-04-20 23:17:32.791', '2026-04-20 23:17:32.791'),
(86, 88, 'Betnovate', NULL, 1, 'AVAILABLE', 'Active', '2026-04-20 23:17:32.791', '2026-04-20 23:17:32.791'),
(87, 89, 'Cortan', NULL, 1, 'AVAILABLE', 'Active', '2026-04-20 23:17:32.791', '2026-04-20 23:17:32.791'),
(88, 90, 'Terbin', NULL, 1, 'AVAILABLE', 'Active', '2026-04-20 23:17:32.791', '2026-04-20 23:17:32.791'),
(89, 91, 'Nystat', NULL, 1, 'AVAILABLE', 'Active', '2026-04-20 23:17:32.791', '2026-04-20 23:17:32.791'),
(90, 92, 'Gyno', NULL, 1, 'AVAILABLE', 'Active', '2026-04-20 23:17:32.791', '2026-04-20 23:17:32.791'),
(91, 93, 'Orahex', NULL, 1, 'AVAILABLE', 'Active', '2026-04-20 23:17:32.791', '2026-04-20 23:17:32.791'),
(92, 94, 'Xylocaine', NULL, 1, 'AVAILABLE', 'Active', '2026-04-20 23:17:32.791', '2026-04-20 23:17:32.791'),
(93, 95, 'Salicyl', NULL, 1, 'AVAILABLE', 'Active', '2026-04-20 23:17:32.791', '2026-04-20 23:17:32.791'),
(94, 96, 'Sumitrex', NULL, 1, 'AVAILABLE', 'Active', '2026-04-20 23:17:32.791', '2026-04-20 23:17:32.791'),
(95, 97, 'Relpax', NULL, 1, 'AVAILABLE', 'Active', '2026-04-20 23:17:32.791', '2026-04-20 23:17:32.791'),
(96, 98, 'Gaviscon', NULL, 1, 'AVAILABLE', 'Active', '2026-04-20 23:17:32.791', '2026-04-20 23:17:32.791'),
(97, 99, 'Pepto', NULL, 1, 'AVAILABLE', 'Active', '2026-04-20 23:17:32.791', '2026-04-20 23:17:32.791'),
(98, 100, 'Imodium', NULL, 1, 'AVAILABLE', 'Active', '2026-04-20 23:17:32.791', '2026-04-20 23:17:32.791'),
(99, 101, 'Senokot', NULL, 1, 'AVAILABLE', 'Active', '2026-04-20 23:17:32.791', '2026-04-20 23:17:32.791'),
(100, 102, 'Dulcolax', NULL, 1, 'AVAILABLE', 'Active', '2026-04-20 23:17:32.791', '2026-04-20 23:17:32.791'),
(101, 3, 'Crocin', NULL, 2, 'AVAILABLE', 'Active', '2026-04-20 23:17:32.791', '2026-04-20 23:17:32.791'),
(102, 4, 'Omez', NULL, 2, 'AVAILABLE', 'Active', '2026-04-20 23:17:32.791', '2026-04-20 23:17:32.791'),
(103, 5, 'Azithral', NULL, 2, 'AVAILABLE', 'Active', '2026-04-20 23:17:32.791', '2026-04-20 23:17:32.791'),
(104, 6, 'Glycomet', NULL, 2, 'AVAILABLE', 'Active', '2026-04-20 23:17:32.791', '2026-04-20 23:17:32.791'),
(105, 7, 'Amlokind', NULL, 2, 'AVAILABLE', 'Active', '2026-04-20 23:17:32.791', '2026-04-20 23:17:32.791'),
(106, 8, 'Lipivas', NULL, 2, 'AVAILABLE', 'Active', '2026-04-20 23:17:32.791', '2026-04-20 23:17:32.791'),
(107, 9, 'Asthalin', NULL, 2, 'AVAILABLE', 'Active', '2026-04-20 23:17:32.791', '2026-04-20 23:17:32.791'),
(108, 10, 'Okacet', NULL, 2, 'AVAILABLE', 'Active', '2026-04-20 23:17:32.791', '2026-04-20 23:17:32.791'),
(109, 11, 'Nexpro', NULL, 2, 'AVAILABLE', 'Active', '2026-04-20 23:17:32.791', '2026-04-20 23:17:32.791'),
(110, 12, 'Telekast', NULL, 2, 'AVAILABLE', 'Active', '2026-04-20 23:17:32.791', '2026-04-20 23:17:32.791'),
(111, 13, 'Ciprocin', NULL, 2, 'AVAILABLE', 'Active', '2026-04-20 23:17:32.791', '2026-04-20 23:17:32.791'),
(112, 14, 'Osartil', NULL, 2, 'AVAILABLE', 'Active', '2026-04-20 23:17:32.791', '2026-04-20 23:17:32.791'),
(113, 15, 'Motigut', NULL, 2, 'AVAILABLE', 'Active', '2026-04-20 23:17:32.791', '2026-04-20 23:17:32.791'),
(114, 16, 'Pan', NULL, 2, 'AVAILABLE', 'Active', '2026-04-20 23:17:32.791', '2026-04-20 23:17:32.791'),
(115, 17, 'Allegra', NULL, 2, 'AVAILABLE', 'Active', '2026-04-20 23:17:32.791', '2026-04-20 23:17:32.791'),
(116, 18, 'Voveran', NULL, 2, 'AVAILABLE', 'Active', '2026-04-20 23:17:32.791', '2026-04-20 23:17:32.791'),
(117, 19, 'Rosuvas', NULL, 2, 'AVAILABLE', 'Active', '2026-04-20 23:17:32.791', '2026-04-20 23:17:32.791'),
(118, 20, 'Bizoran', NULL, 2, 'AVAILABLE', 'Active', '2026-04-20 23:17:32.791', '2026-04-20 23:17:32.791'),
(119, 21, 'Deslor', NULL, 2, 'AVAILABLE', 'Active', '2026-04-20 23:17:32.791', '2026-04-20 23:17:32.791'),
(120, 22, 'Flagyl', NULL, 2, 'AVAILABLE', 'Active', '2026-04-20 23:17:32.791', '2026-04-20 23:17:32.791'),
(121, 23, 'Plavix', NULL, 2, 'AVAILABLE', 'Active', '2026-04-20 23:17:32.791', '2026-04-20 23:17:32.791'),
(122, 24, 'Glimy', NULL, 2, 'AVAILABLE', 'Active', '2026-04-20 23:17:32.791', '2026-04-20 23:17:32.791'),
(123, 25, 'Levobact', NULL, 2, 'AVAILABLE', 'Active', '2026-04-20 23:17:32.791', '2026-04-20 23:17:32.791'),
(124, 26, 'Forcan', NULL, 2, 'AVAILABLE', 'Active', '2026-04-20 23:17:32.791', '2026-04-20 23:17:32.791'),
(125, 27, 'Sitamet', NULL, 2, 'AVAILABLE', 'Active', '2026-04-20 23:17:32.791', '2026-04-20 23:17:32.791'),
(126, 28, 'Cardace', NULL, 2, 'AVAILABLE', 'Active', '2026-04-20 23:17:32.791', '2026-04-20 23:17:32.791'),
(127, 29, 'Vildamet', NULL, 2, 'AVAILABLE', 'Active', '2026-04-20 23:17:32.791', '2026-04-20 23:17:32.791'),
(128, 30, 'Avalox', NULL, 2, 'AVAILABLE', 'Active', '2026-04-20 23:17:32.791', '2026-04-20 23:17:32.791'),
(129, 31, 'Wysolone', NULL, 2, 'AVAILABLE', 'Active', '2026-04-20 23:17:32.791', '2026-04-20 23:17:32.791'),
(130, 32, 'Zinetac', NULL, 2, 'AVAILABLE', 'Active', '2026-04-20 23:17:32.791', '2026-04-20 23:17:32.791'),
(131, 33, 'Viagra', NULL, 2, 'AVAILABLE', 'Active', '2026-04-20 23:17:32.791', '2026-04-20 23:17:32.791'),
(132, 34, 'Urimax', NULL, 2, 'AVAILABLE', 'Active', '2026-04-20 23:17:32.791', '2026-04-20 23:17:32.791'),
(133, 35, 'Coumadin', NULL, 2, 'AVAILABLE', 'Active', '2026-04-20 23:17:32.791', '2026-04-20 23:17:32.791'),
(134, 36, 'Stilnox', NULL, 2, 'AVAILABLE', 'Active', '2026-04-20 23:17:32.791', '2026-04-20 23:17:32.791'),
(135, 37, 'Liofen', NULL, 2, 'AVAILABLE', 'Active', '2026-04-20 23:17:32.791', '2026-04-20 23:17:32.791'),
(136, 38, 'Gabapin', NULL, 2, 'AVAILABLE', 'Active', '2026-04-20 23:17:32.791', '2026-04-20 23:17:32.791'),
(137, 39, 'Brufen', NULL, 2, 'AVAILABLE', 'Active', '2026-04-20 23:17:32.791', '2026-04-20 23:17:32.791'),
(138, 40, 'Claritin', NULL, 2, 'AVAILABLE', 'Active', '2026-04-20 23:17:32.791', '2026-04-20 23:17:32.791'),
(139, 41, 'Naprosyn', NULL, 2, 'AVAILABLE', 'Active', '2026-04-20 23:17:32.791', '2026-04-20 23:17:32.791'),
(140, 42, 'Ultram', NULL, 2, 'AVAILABLE', 'Active', '2026-04-20 23:17:32.791', '2026-04-20 23:17:32.791'),
(141, 43, 'Diovan', NULL, 2, 'AVAILABLE', 'Active', '2026-04-20 23:17:32.791', '2026-04-20 23:17:32.791'),
(142, 44, 'Zocor', NULL, 2, 'AVAILABLE', 'Active', '2026-04-20 23:17:32.791', '2026-04-20 23:17:32.791'),
(143, 45, 'Telma', NULL, 2, 'AVAILABLE', 'Active', '2026-04-20 23:17:32.791', '2026-04-20 23:17:32.791'),
(144, 46, 'Pregab', NULL, 2, 'AVAILABLE', 'Active', '2026-04-20 23:17:32.791', '2026-04-20 23:17:32.791'),
(145, 47, 'Eltroxin', NULL, 2, 'AVAILABLE', 'Active', '2026-04-20 23:17:32.791', '2026-04-20 23:17:32.791'),
(146, 48, 'Doxylin', NULL, 2, 'AVAILABLE', 'Active', '2026-04-20 23:17:32.791', '2026-04-20 23:17:32.791'),
(147, 49, 'Taxim-O', NULL, 2, 'AVAILABLE', 'Active', '2026-04-20 23:17:32.791', '2026-04-20 23:17:32.791'),
(148, 50, 'Novamox', NULL, 2, 'AVAILABLE', 'Active', '2026-04-20 23:17:32.791', '2026-04-20 23:17:32.791'),
(149, 51, 'Coreg', NULL, 2, 'AVAILABLE', 'Active', '2026-04-20 23:17:32.791', '2026-04-20 23:17:32.791'),
(150, 52, 'Aldactone', NULL, 2, 'AVAILABLE', 'Active', '2026-04-20 23:17:32.791', '2026-04-20 23:17:32.791'),
(151, 53, 'Mucinex', NULL, 2, 'AVAILABLE', 'Active', '2026-04-20 23:17:32.791', '2026-04-20 23:17:32.791'),
(152, 54, 'Klaricid', NULL, 2, 'AVAILABLE', 'Active', '2026-04-20 23:17:32.791', '2026-04-20 23:17:32.791'),
(153, 55, 'Decadron', NULL, 2, 'AVAILABLE', 'Active', '2026-04-20 23:17:32.791', '2026-04-20 23:17:32.791'),
(154, 56, 'Zofran', NULL, 2, 'AVAILABLE', 'Active', '2026-04-20 23:17:32.791', '2026-04-20 23:17:32.791'),
(155, 57, 'Lanzol', NULL, 2, 'AVAILABLE', 'Active', '2026-04-20 23:17:32.791', '2026-04-20 23:17:32.791'),
(156, 58, 'Prozac', NULL, 2, 'AVAILABLE', 'Active', '2026-04-20 23:17:32.791', '2026-04-20 23:17:32.791'),
(157, 59, 'Zoloft', NULL, 2, 'AVAILABLE', 'Active', '2026-04-20 23:17:32.791', '2026-04-20 23:17:32.791'),
(158, 60, 'Cipralex', NULL, 2, 'AVAILABLE', 'Active', '2026-04-20 23:17:32.791', '2026-04-20 23:17:32.791'),
(159, 61, 'Alprax', NULL, 2, 'AVAILABLE', 'Active', '2026-04-20 23:17:32.791', '2026-04-20 23:17:32.791'),
(160, 62, 'Valium', NULL, 2, 'AVAILABLE', 'Active', '2026-04-20 23:17:32.791', '2026-04-20 23:17:32.791'),
(161, 63, 'Ativan', NULL, 2, 'AVAILABLE', 'Active', '2026-04-20 23:17:32.791', '2026-04-20 23:17:32.791'),
(162, 64, 'Clonotril', NULL, 2, 'AVAILABLE', 'Active', '2026-04-20 23:17:32.791', '2026-04-20 23:17:32.791'),
(163, 65, 'Effexor', NULL, 2, 'AVAILABLE', 'Active', '2026-04-20 23:17:32.791', '2026-04-20 23:17:32.791'),
(164, 66, 'Cymbalta', NULL, 2, 'AVAILABLE', 'Active', '2026-04-20 23:17:32.791', '2026-04-20 23:17:32.791'),
(165, 67, 'Zyban', NULL, 2, 'AVAILABLE', 'Active', '2026-04-20 23:17:32.791', '2026-04-20 23:17:32.791'),
(166, 68, 'Ritalin', NULL, 2, 'AVAILABLE', 'Active', '2026-04-20 23:17:32.791', '2026-04-20 23:17:32.791'),
(167, 69, 'Modalert', NULL, 2, 'AVAILABLE', 'Active', '2026-04-20 23:17:32.791', '2026-04-20 23:17:32.791'),
(168, 70, 'Lipril', NULL, 2, 'AVAILABLE', 'Active', '2026-04-20 23:17:32.791', '2026-04-20 23:17:32.791'),
(169, 71, 'Vasotec', NULL, 2, 'AVAILABLE', 'Active', '2026-04-20 23:17:32.791', '2026-04-20 23:17:32.791'),
(170, 72, 'Ciplar', NULL, 2, 'AVAILABLE', 'Active', '2026-04-20 23:17:32.791', '2026-04-20 23:17:32.791'),
(171, 73, 'Aten', NULL, 2, 'AVAILABLE', 'Active', '2026-04-20 23:17:32.791', '2026-04-20 23:17:32.791'),
(172, 74, 'Metolar', NULL, 2, 'AVAILABLE', 'Active', '2026-04-20 23:17:32.791', '2026-04-20 23:17:32.791'),
(173, 75, 'Lasix', NULL, 2, 'AVAILABLE', 'Active', '2026-04-20 23:17:32.791', '2026-04-20 23:17:32.791'),
(174, 76, 'HCTZ', NULL, 2, 'AVAILABLE', 'Active', '2026-04-20 23:17:32.791', '2026-04-20 23:17:32.791'),
(175, 77, 'Potclor', NULL, 2, 'AVAILABLE', 'Active', '2026-04-20 23:17:32.791', '2026-04-20 23:17:32.791'),
(176, 78, 'Shelcal', NULL, 2, 'AVAILABLE', 'Active', '2026-04-20 23:17:32.791', '2026-04-20 23:17:32.791'),
(177, 79, 'Ultra-D3', NULL, 2, 'AVAILABLE', 'Active', '2026-04-20 23:17:32.791', '2026-04-20 23:17:32.791'),
(178, 80, 'Orofer', NULL, 2, 'AVAILABLE', 'Active', '2026-04-20 23:17:32.791', '2026-04-20 23:17:32.791'),
(179, 81, 'Folvite', NULL, 2, 'AVAILABLE', 'Active', '2026-04-20 23:17:32.791', '2026-04-20 23:17:32.791'),
(180, 82, 'Aziderm', NULL, 2, 'AVAILABLE', 'Active', '2026-04-20 23:17:32.791', '2026-04-20 23:17:32.791'),
(181, 83, 'Differin', NULL, 2, 'AVAILABLE', 'Active', '2026-04-20 23:17:32.791', '2026-04-20 23:17:32.791'),
(182, 84, 'Danfree', NULL, 2, 'AVAILABLE', 'Active', '2026-04-20 23:17:32.791', '2026-04-20 23:17:32.791'),
(183, 85, 'Bactroban', NULL, 2, 'AVAILABLE', 'Active', '2026-04-20 23:17:32.791', '2026-04-20 23:17:32.791'),
(184, 86, 'Silvadene', NULL, 2, 'AVAILABLE', 'Active', '2026-04-20 23:17:32.791', '2026-04-20 23:17:32.791'),
(185, 87, 'Tenovate', NULL, 2, 'AVAILABLE', 'Active', '2026-04-20 23:17:32.791', '2026-04-20 23:17:32.791'),
(186, 88, 'Betnovate', NULL, 2, 'AVAILABLE', 'Active', '2026-04-20 23:17:32.791', '2026-04-20 23:17:32.791'),
(187, 89, 'Cortizone', NULL, 2, 'AVAILABLE', 'Active', '2026-04-20 23:17:32.791', '2026-04-20 23:17:32.791'),
(188, 90, 'Lamisil', NULL, 2, 'AVAILABLE', 'Active', '2026-04-20 23:17:32.791', '2026-04-20 23:17:32.791'),
(189, 91, 'Mycostatin', NULL, 2, 'AVAILABLE', 'Active', '2026-04-20 23:17:32.791', '2026-04-20 23:17:32.791'),
(190, 92, 'Daktarin', NULL, 2, 'AVAILABLE', 'Active', '2026-04-20 23:17:32.791', '2026-04-20 23:17:32.791'),
(191, 93, 'Hexidine', NULL, 2, 'AVAILABLE', 'Active', '2026-04-20 23:17:32.791', '2026-04-20 23:17:32.791'),
(192, 94, 'Lignocaine', NULL, 2, 'AVAILABLE', 'Active', '2026-04-20 23:17:32.791', '2026-04-20 23:17:32.791'),
(193, 95, 'Duofilm', NULL, 2, 'AVAILABLE', 'Active', '2026-04-20 23:17:32.791', '2026-04-20 23:17:32.791'),
(194, 96, 'Suminat', NULL, 2, 'AVAILABLE', 'Active', '2026-04-20 23:17:32.791', '2026-04-20 23:17:32.791'),
(195, 97, 'Elepax', NULL, 2, 'AVAILABLE', 'Active', '2026-04-20 23:17:32.791', '2026-04-20 23:17:32.791'),
(196, 98, 'Gaviscon', NULL, 2, 'AVAILABLE', 'Active', '2026-04-20 23:17:32.791', '2026-04-20 23:17:32.791'),
(197, 99, 'Pepto', NULL, 2, 'AVAILABLE', 'Active', '2026-04-20 23:17:32.791', '2026-04-20 23:17:32.791'),
(198, 100, 'Imodium', NULL, 2, 'AVAILABLE', 'Active', '2026-04-20 23:17:32.791', '2026-04-20 23:17:32.791'),
(199, 101, 'Pursennid', NULL, 2, 'AVAILABLE', 'Active', '2026-04-20 23:17:32.791', '2026-04-20 23:17:32.791'),
(200, 102, 'Dulcolax', NULL, 2, 'AVAILABLE', 'Active', '2026-04-20 23:17:32.791', '2026-04-20 23:17:32.791'),
(201, 3, 'Tylenol', NULL, 3, 'AVAILABLE', 'Active', '2026-04-20 23:17:32.791', '2026-04-20 23:17:32.791'),
(202, 4, 'Prilosec', NULL, 3, 'AVAILABLE', 'Active', '2026-04-20 23:17:32.791', '2026-04-20 23:17:32.791'),
(203, 5, 'Zithromax', NULL, 3, 'AVAILABLE', 'Active', '2026-04-20 23:17:32.791', '2026-04-20 23:17:32.791'),
(204, 6, 'Glucophage', NULL, 3, 'AVAILABLE', 'Active', '2026-04-20 23:17:32.791', '2026-04-20 23:17:32.791'),
(205, 7, 'Norvasc', NULL, 3, 'AVAILABLE', 'Active', '2026-04-20 23:17:32.791', '2026-04-20 23:17:32.791'),
(206, 8, 'Lipitor', NULL, 3, 'AVAILABLE', 'Active', '2026-04-20 23:17:32.791', '2026-04-20 23:17:32.791'),
(207, 9, 'Ventolin', NULL, 3, 'AVAILABLE', 'Active', '2026-04-20 23:17:32.791', '2026-04-20 23:17:32.791'),
(208, 10, 'Zyrtec', NULL, 3, 'AVAILABLE', 'Active', '2026-04-20 23:17:32.791', '2026-04-20 23:17:32.791'),
(209, 11, 'Nexium', NULL, 3, 'AVAILABLE', 'Active', '2026-04-20 23:17:32.791', '2026-04-20 23:17:32.791'),
(210, 12, 'Singulair', NULL, 3, 'AVAILABLE', 'Active', '2026-04-20 23:17:32.791', '2026-04-20 23:17:32.791'),
(211, 13, 'Cipro', NULL, 3, 'AVAILABLE', 'Active', '2026-04-20 23:17:32.791', '2026-04-20 23:17:32.791'),
(212, 14, 'Cozaar', NULL, 3, 'AVAILABLE', 'Active', '2026-04-20 23:17:32.791', '2026-04-20 23:17:32.791'),
(213, 15, 'Motilium', NULL, 3, 'AVAILABLE', 'Active', '2026-04-20 23:17:32.791', '2026-04-20 23:17:32.791'),
(214, 16, 'Protonix', NULL, 3, 'AVAILABLE', 'Active', '2026-04-20 23:17:32.791', '2026-04-20 23:17:32.791'),
(215, 17, 'Allegra', NULL, 3, 'AVAILABLE', 'Active', '2026-04-20 23:17:32.791', '2026-04-20 23:17:32.791'),
(216, 18, 'Voltaren', NULL, 3, 'AVAILABLE', 'Active', '2026-04-20 23:17:32.791', '2026-04-20 23:17:32.791'),
(217, 19, 'Crestor', NULL, 3, 'AVAILABLE', 'Active', '2026-04-20 23:17:32.791', '2026-04-20 23:17:32.791'),
(218, 20, 'Zebeta', NULL, 3, 'AVAILABLE', 'Active', '2026-04-20 23:17:32.791', '2026-04-20 23:17:32.791'),
(219, 21, 'Clarinex', NULL, 3, 'AVAILABLE', 'Active', '2026-04-20 23:17:32.791', '2026-04-20 23:17:32.791'),
(220, 22, 'Flagyl', NULL, 3, 'AVAILABLE', 'Active', '2026-04-20 23:17:32.791', '2026-04-20 23:17:32.791'),
(221, 23, 'Plavix', NULL, 3, 'AVAILABLE', 'Active', '2026-04-20 23:17:32.791', '2026-04-20 23:17:32.791'),
(222, 24, 'Amaryl', NULL, 3, 'AVAILABLE', 'Active', '2026-04-20 23:17:32.791', '2026-04-20 23:17:32.791'),
(223, 25, 'Levaquin', NULL, 3, 'AVAILABLE', 'Active', '2026-04-20 23:17:32.791', '2026-04-20 23:17:32.791'),
(224, 26, 'Diflucan', NULL, 3, 'AVAILABLE', 'Active', '2026-04-20 23:17:32.791', '2026-04-20 23:17:32.791'),
(225, 27, 'Januvia', NULL, 3, 'AVAILABLE', 'Active', '2026-04-20 23:17:32.791', '2026-04-20 23:17:32.791'),
(226, 28, 'Altace', NULL, 3, 'AVAILABLE', 'Active', '2026-04-20 23:17:32.791', '2026-04-20 23:17:32.791'),
(227, 29, 'Galvus', NULL, 3, 'AVAILABLE', 'Active', '2026-04-20 23:17:32.791', '2026-04-20 23:17:32.791'),
(228, 30, 'Avelox', NULL, 3, 'AVAILABLE', 'Active', '2026-04-20 23:17:32.791', '2026-04-20 23:17:32.791'),
(229, 31, 'Deltasone', NULL, 3, 'AVAILABLE', 'Active', '2026-04-20 23:17:32.791', '2026-04-20 23:17:32.791'),
(230, 32, 'Zantac', NULL, 3, 'AVAILABLE', 'Active', '2026-04-20 23:17:32.791', '2026-04-20 23:17:32.791'),
(231, 33, 'Viagra', NULL, 3, 'AVAILABLE', 'Active', '2026-04-20 23:17:32.791', '2026-04-20 23:17:32.791'),
(232, 34, 'Flomax', NULL, 3, 'AVAILABLE', 'Active', '2026-04-20 23:17:32.791', '2026-04-20 23:17:32.791'),
(233, 35, 'Coumadin', NULL, 3, 'AVAILABLE', 'Active', '2026-04-20 23:17:32.791', '2026-04-20 23:17:32.791'),
(234, 36, 'Ambien', NULL, 3, 'AVAILABLE', 'Active', '2026-04-20 23:17:32.791', '2026-04-20 23:17:32.791'),
(235, 37, 'Lioresal', NULL, 3, 'AVAILABLE', 'Active', '2026-04-20 23:17:32.791', '2026-04-20 23:17:32.791'),
(236, 38, 'Neurontin', NULL, 3, 'AVAILABLE', 'Active', '2026-04-20 23:17:32.791', '2026-04-20 23:17:32.791'),
(237, 39, 'Motrin', NULL, 3, 'AVAILABLE', 'Active', '2026-04-20 23:17:32.791', '2026-04-20 23:17:32.791'),
(238, 40, 'Claritin', NULL, 3, 'AVAILABLE', 'Active', '2026-04-20 23:17:32.791', '2026-04-20 23:17:32.791'),
(239, 41, 'Aleve', NULL, 3, 'AVAILABLE', 'Active', '2026-04-20 23:17:32.791', '2026-04-20 23:17:32.791'),
(240, 42, 'Ultram', NULL, 3, 'AVAILABLE', 'Active', '2026-04-20 23:17:32.791', '2026-04-20 23:17:32.791'),
(241, 43, 'Diovan', NULL, 3, 'AVAILABLE', 'Active', '2026-04-20 23:17:32.791', '2026-04-20 23:17:32.791'),
(242, 44, 'Zocor', NULL, 3, 'AVAILABLE', 'Active', '2026-04-20 23:17:32.791', '2026-04-20 23:17:32.791'),
(243, 45, 'Micardis', NULL, 3, 'AVAILABLE', 'Active', '2026-04-20 23:17:32.791', '2026-04-20 23:17:32.791'),
(244, 46, 'Lyrica', NULL, 3, 'AVAILABLE', 'Active', '2026-04-20 23:17:32.791', '2026-04-20 23:17:32.791'),
(245, 47, 'Synthroid', NULL, 3, 'AVAILABLE', 'Active', '2026-04-20 23:17:32.791', '2026-04-20 23:17:32.791'),
(246, 48, 'Vibramycin', NULL, 3, 'AVAILABLE', 'Active', '2026-04-20 23:17:32.791', '2026-04-20 23:17:32.791'),
(247, 49, 'Suprax', NULL, 3, 'AVAILABLE', 'Active', '2026-04-20 23:17:32.791', '2026-04-20 23:17:32.791'),
(248, 50, 'Amoxil', NULL, 3, 'AVAILABLE', 'Active', '2026-04-20 23:17:32.791', '2026-04-20 23:17:32.791'),
(249, 51, 'Coreg', NULL, 3, 'AVAILABLE', 'Active', '2026-04-20 23:17:32.791', '2026-04-20 23:17:32.791'),
(250, 52, 'Aldactone', NULL, 3, 'AVAILABLE', 'Active', '2026-04-20 23:17:32.791', '2026-04-20 23:17:32.791'),
(251, 53, 'Mucinex', NULL, 3, 'AVAILABLE', 'Active', '2026-04-20 23:17:32.791', '2026-04-20 23:17:32.791'),
(252, 54, 'Biaxin', NULL, 3, 'AVAILABLE', 'Active', '2026-04-20 23:17:32.791', '2026-04-20 23:17:32.791'),
(253, 55, 'Decadron', NULL, 3, 'AVAILABLE', 'Active', '2026-04-20 23:17:32.791', '2026-04-20 23:17:32.791'),
(254, 56, 'Zofran', NULL, 3, 'AVAILABLE', 'Active', '2026-04-20 23:17:32.791', '2026-04-20 23:17:32.791'),
(255, 57, 'Prevacid', NULL, 3, 'AVAILABLE', 'Active', '2026-04-20 23:17:32.791', '2026-04-20 23:17:32.791'),
(256, 58, 'Prozac', NULL, 3, 'AVAILABLE', 'Active', '2026-04-20 23:17:32.791', '2026-04-20 23:17:32.791'),
(257, 59, 'Zoloft', NULL, 3, 'AVAILABLE', 'Active', '2026-04-20 23:17:32.791', '2026-04-20 23:17:32.791'),
(258, 60, 'Lexapro', NULL, 3, 'AVAILABLE', 'Active', '2026-04-20 23:17:32.791', '2026-04-20 23:17:32.791'),
(259, 61, 'Xanax', NULL, 3, 'AVAILABLE', 'Active', '2026-04-20 23:17:32.791', '2026-04-20 23:17:32.791'),
(260, 62, 'Valium', NULL, 3, 'AVAILABLE', 'Active', '2026-04-20 23:17:32.791', '2026-04-20 23:17:32.791'),
(261, 63, 'Ativan', NULL, 3, 'AVAILABLE', 'Active', '2026-04-20 23:17:32.791', '2026-04-20 23:17:32.791'),
(262, 64, 'Klonopin', NULL, 3, 'AVAILABLE', 'Active', '2026-04-20 23:17:32.791', '2026-04-20 23:17:32.791'),
(263, 65, 'Effexor', NULL, 3, 'AVAILABLE', 'Active', '2026-04-20 23:17:32.791', '2026-04-20 23:17:32.791'),
(264, 66, 'Cymbalta', NULL, 3, 'AVAILABLE', 'Active', '2026-04-20 23:17:32.791', '2026-04-20 23:17:32.791'),
(265, 67, 'Wellbutrin', NULL, 3, 'AVAILABLE', 'Active', '2026-04-20 23:17:32.791', '2026-04-20 23:17:32.791'),
(266, 68, 'Ritalin', NULL, 3, 'AVAILABLE', 'Active', '2026-04-20 23:17:32.791', '2026-04-20 23:17:32.791'),
(267, 69, 'Provigil', NULL, 3, 'AVAILABLE', 'Active', '2026-04-20 23:17:32.791', '2026-04-20 23:17:32.791'),
(268, 70, 'Zestril', NULL, 3, 'AVAILABLE', 'Active', '2026-04-20 23:17:32.791', '2026-04-20 23:17:32.791'),
(269, 71, 'Vasotec', NULL, 3, 'AVAILABLE', 'Active', '2026-04-20 23:17:32.791', '2026-04-20 23:17:32.791'),
(270, 72, 'Inderal', NULL, 3, 'AVAILABLE', 'Active', '2026-04-20 23:17:32.791', '2026-04-20 23:17:32.791'),
(271, 73, 'Tenormin', NULL, 3, 'AVAILABLE', 'Active', '2026-04-20 23:17:32.791', '2026-04-20 23:17:32.791'),
(272, 74, 'Lopressor', NULL, 3, 'AVAILABLE', 'Active', '2026-04-20 23:17:32.791', '2026-04-20 23:17:32.791'),
(273, 75, 'Lasix', NULL, 3, 'AVAILABLE', 'Active', '2026-04-20 23:17:32.791', '2026-04-20 23:17:32.791'),
(274, 76, 'Microzide', NULL, 3, 'AVAILABLE', 'Active', '2026-04-20 23:17:32.791', '2026-04-20 23:17:32.791'),
(275, 77, 'K-Dur', NULL, 3, 'AVAILABLE', 'Active', '2026-04-20 23:17:32.791', '2026-04-20 23:17:32.791'),
(276, 78, 'Tums', NULL, 3, 'AVAILABLE', 'Active', '2026-04-20 23:17:32.791', '2026-04-20 23:17:32.791'),
(277, 79, 'Caltrate', NULL, 3, 'AVAILABLE', 'Active', '2026-04-20 23:17:32.791', '2026-04-20 23:17:32.791'),
(278, 80, 'Slow Fe', NULL, 3, 'AVAILABLE', 'Active', '2026-04-20 23:17:32.791', '2026-04-20 23:17:32.791'),
(279, 81, 'Folvite', NULL, 3, 'AVAILABLE', 'Active', '2026-04-20 23:17:32.791', '2026-04-20 23:17:32.791'),
(280, 82, 'Azelex', NULL, 3, 'AVAILABLE', 'Active', '2026-04-20 23:17:32.791', '2026-04-20 23:17:32.791'),
(281, 83, 'Differin', NULL, 3, 'AVAILABLE', 'Active', '2026-04-20 23:17:32.791', '2026-04-20 23:17:32.791'),
(282, 84, 'Nizoral', NULL, 3, 'AVAILABLE', 'Active', '2026-04-20 23:17:32.791', '2026-04-20 23:17:32.791'),
(283, 85, 'Bactroban', NULL, 3, 'AVAILABLE', 'Active', '2026-04-20 23:17:32.791', '2026-04-20 23:17:32.791'),
(284, 86, 'Silvadene', NULL, 3, 'AVAILABLE', 'Active', '2026-04-20 23:17:32.791', '2026-04-20 23:17:32.791'),
(285, 87, 'Temovate', NULL, 3, 'AVAILABLE', 'Active', '2026-04-20 23:17:32.791', '2026-04-20 23:17:32.791'),
(286, 88, 'Diprolene', NULL, 3, 'AVAILABLE', 'Active', '2026-04-20 23:17:32.791', '2026-04-20 23:17:32.791'),
(287, 89, 'Cortizone', NULL, 3, 'AVAILABLE', 'Active', '2026-04-20 23:17:32.791', '2026-04-20 23:17:32.791'),
(288, 90, 'Lamisil', NULL, 3, 'AVAILABLE', 'Active', '2026-04-20 23:17:32.791', '2026-04-20 23:17:32.791'),
(289, 91, 'Mycostatin', NULL, 3, 'AVAILABLE', 'Active', '2026-04-20 23:17:32.791', '2026-04-20 23:17:32.791'),
(290, 92, 'Monistat', NULL, 3, 'AVAILABLE', 'Active', '2026-04-20 23:17:32.791', '2026-04-20 23:17:32.791'),
(291, 93, 'Peridex', NULL, 3, 'AVAILABLE', 'Active', '2026-04-20 23:17:32.791', '2026-04-20 23:17:32.791'),
(292, 94, 'Xylocaine', NULL, 3, 'AVAILABLE', 'Active', '2026-04-20 23:17:32.791', '2026-04-20 23:17:32.791'),
(293, 95, 'Compound W', NULL, 3, 'AVAILABLE', 'Active', '2026-04-20 23:17:32.791', '2026-04-20 23:17:32.791'),
(294, 96, 'Imitrex', NULL, 3, 'AVAILABLE', 'Active', '2026-04-20 23:17:32.791', '2026-04-20 23:17:32.791'),
(295, 97, 'Relpax', NULL, 3, 'AVAILABLE', 'Active', '2026-04-20 23:17:32.791', '2026-04-20 23:17:32.791'),
(296, 98, 'Gaviscon', NULL, 3, 'AVAILABLE', 'Active', '2026-04-20 23:17:32.791', '2026-04-20 23:17:32.791'),
(297, 99, 'Pepto-Bismol', NULL, 3, 'AVAILABLE', 'Active', '2026-04-20 23:17:32.791', '2026-04-20 23:17:32.791'),
(298, 100, 'Imodium', NULL, 3, 'AVAILABLE', 'Active', '2026-04-20 23:17:32.791', '2026-04-20 23:17:32.791'),
(299, 101, 'Senokot', NULL, 3, 'AVAILABLE', 'Active', '2026-04-20 23:17:32.791', '2026-04-20 23:17:32.791'),
(300, 102, 'Dulcolax', NULL, 3, 'AVAILABLE', 'Active', '2026-04-20 23:17:32.791', '2026-04-20 23:17:32.791'),
(301, 3, 'Tylenol', NULL, 4, 'AVAILABLE', 'Active', '2026-04-20 23:17:32.791', '2026-04-20 23:17:32.791'),
(302, 4, 'Prilosec', NULL, 4, 'AVAILABLE', 'Active', '2026-04-20 23:17:32.791', '2026-04-20 23:17:32.791'),
(303, 5, 'Zithromax', NULL, 4, 'AVAILABLE', 'Active', '2026-04-20 23:17:32.791', '2026-04-20 23:17:32.791'),
(304, 6, 'Glucophage', NULL, 4, 'AVAILABLE', 'Active', '2026-04-20 23:17:32.791', '2026-04-20 23:17:32.791'),
(305, 7, 'Norvasc', NULL, 4, 'AVAILABLE', 'Active', '2026-04-20 23:17:32.791', '2026-04-20 23:17:32.791'),
(306, 8, 'Lipitor', NULL, 4, 'AVAILABLE', 'Active', '2026-04-20 23:17:32.791', '2026-04-20 23:17:32.791'),
(307, 9, 'Ventolin', NULL, 4, 'AVAILABLE', 'Active', '2026-04-20 23:17:32.791', '2026-04-20 23:17:32.791'),
(308, 10, 'Zyrtec', NULL, 4, 'AVAILABLE', 'Active', '2026-04-20 23:17:32.791', '2026-04-20 23:17:32.791'),
(309, 11, 'Nexium', NULL, 4, 'AVAILABLE', 'Active', '2026-04-20 23:17:32.791', '2026-04-20 23:17:32.791'),
(310, 12, 'Singulair', NULL, 4, 'AVAILABLE', 'Active', '2026-04-20 23:17:32.791', '2026-04-20 23:17:32.791'),
(311, 13, 'Cipro', NULL, 4, 'AVAILABLE', 'Active', '2026-04-20 23:17:32.791', '2026-04-20 23:17:32.791'),
(312, 14, 'Cozaar', NULL, 4, 'AVAILABLE', 'Active', '2026-04-20 23:17:32.791', '2026-04-20 23:17:32.791'),
(313, 15, 'Motilium', NULL, 4, 'AVAILABLE', 'Active', '2026-04-20 23:17:32.791', '2026-04-20 23:17:32.791'),
(314, 16, 'Protonix', NULL, 4, 'AVAILABLE', 'Active', '2026-04-20 23:17:32.791', '2026-04-20 23:17:32.791'),
(315, 17, 'Allegra', NULL, 4, 'AVAILABLE', 'Active', '2026-04-20 23:17:32.791', '2026-04-20 23:17:32.791'),
(316, 18, 'Voltaren', NULL, 4, 'AVAILABLE', 'Active', '2026-04-20 23:17:32.791', '2026-04-20 23:17:32.791'),
(317, 19, 'Crestor', NULL, 4, 'AVAILABLE', 'Active', '2026-04-20 23:17:32.791', '2026-04-20 23:17:32.791'),
(318, 20, 'Zebeta', NULL, 4, 'AVAILABLE', 'Active', '2026-04-20 23:17:32.791', '2026-04-20 23:17:32.791'),
(319, 21, 'Clarinex', NULL, 4, 'AVAILABLE', 'Active', '2026-04-20 23:17:32.791', '2026-04-20 23:17:32.791'),
(320, 22, 'Flagyl', NULL, 4, 'AVAILABLE', 'Active', '2026-04-20 23:17:32.791', '2026-04-20 23:17:32.791'),
(321, 23, 'Plavix', NULL, 4, 'AVAILABLE', 'Active', '2026-04-20 23:17:32.791', '2026-04-20 23:17:32.791'),
(322, 24, 'Amaryl', NULL, 4, 'AVAILABLE', 'Active', '2026-04-20 23:17:32.791', '2026-04-20 23:17:32.791'),
(323, 25, 'Levaquin', NULL, 4, 'AVAILABLE', 'Active', '2026-04-20 23:17:32.791', '2026-04-20 23:17:32.791'),
(324, 26, 'Diflucan', NULL, 4, 'AVAILABLE', 'Active', '2026-04-20 23:17:32.791', '2026-04-20 23:17:32.791'),
(325, 27, 'Januvia', NULL, 4, 'AVAILABLE', 'Active', '2026-04-20 23:17:32.791', '2026-04-20 23:17:32.791'),
(326, 28, 'Altace', NULL, 4, 'AVAILABLE', 'Active', '2026-04-20 23:17:32.791', '2026-04-20 23:17:32.791'),
(327, 29, 'Galvus', NULL, 4, 'AVAILABLE', 'Active', '2026-04-20 23:17:32.791', '2026-04-20 23:17:32.791'),
(328, 30, 'Avelox', NULL, 4, 'AVAILABLE', 'Active', '2026-04-20 23:17:32.791', '2026-04-20 23:17:32.791'),
(329, 31, 'Deltasone', NULL, 4, 'AVAILABLE', 'Active', '2026-04-20 23:17:32.791', '2026-04-20 23:17:32.791'),
(330, 32, 'Zantac', NULL, 4, 'AVAILABLE', 'Active', '2026-04-20 23:17:32.791', '2026-04-20 23:17:32.791'),
(331, 33, 'Viagra', NULL, 4, 'AVAILABLE', 'Active', '2026-04-20 23:17:32.791', '2026-04-20 23:17:32.791'),
(332, 34, 'Flomax', NULL, 4, 'AVAILABLE', 'Active', '2026-04-20 23:17:32.791', '2026-04-20 23:17:32.791'),
(333, 35, 'Coumadin', NULL, 4, 'AVAILABLE', 'Active', '2026-04-20 23:17:32.791', '2026-04-20 23:17:32.791'),
(334, 36, 'Ambien', NULL, 4, 'AVAILABLE', 'Active', '2026-04-20 23:17:32.791', '2026-04-20 23:17:32.791'),
(335, 37, 'Lioresal', NULL, 4, 'AVAILABLE', 'Active', '2026-04-20 23:17:32.791', '2026-04-20 23:17:32.791'),
(336, 38, 'Neurontin', NULL, 4, 'AVAILABLE', 'Active', '2026-04-20 23:17:32.791', '2026-04-20 23:17:32.791'),
(337, 39, 'Motrin', NULL, 4, 'AVAILABLE', 'Active', '2026-04-20 23:17:32.791', '2026-04-20 23:17:32.791'),
(338, 40, 'Claritin', NULL, 4, 'AVAILABLE', 'Active', '2026-04-20 23:17:32.791', '2026-04-20 23:17:32.791'),
(339, 41, 'Aleve', NULL, 4, 'AVAILABLE', 'Active', '2026-04-20 23:17:32.791', '2026-04-20 23:17:32.791'),
(340, 42, 'Ultram', NULL, 4, 'AVAILABLE', 'Active', '2026-04-20 23:17:32.791', '2026-04-20 23:17:32.791'),
(341, 43, 'Diovan', NULL, 4, 'AVAILABLE', 'Active', '2026-04-20 23:17:32.791', '2026-04-20 23:17:32.791'),
(342, 44, 'Zocor', NULL, 4, 'AVAILABLE', 'Active', '2026-04-20 23:17:32.791', '2026-04-20 23:17:32.791'),
(343, 45, 'Micardis', NULL, 4, 'AVAILABLE', 'Active', '2026-04-20 23:17:32.791', '2026-04-20 23:17:32.791'),
(344, 46, 'Lyrica', NULL, 4, 'AVAILABLE', 'Active', '2026-04-20 23:17:32.791', '2026-04-20 23:17:32.791'),
(345, 47, 'Synthroid', NULL, 4, 'AVAILABLE', 'Active', '2026-04-20 23:17:32.791', '2026-04-20 23:17:32.791'),
(346, 48, 'Vibramycin', NULL, 4, 'AVAILABLE', 'Active', '2026-04-20 23:17:32.791', '2026-04-20 23:17:32.791'),
(347, 49, 'Suprax', NULL, 4, 'AVAILABLE', 'Active', '2026-04-20 23:17:32.791', '2026-04-20 23:17:32.791'),
(348, 50, 'Amoxil', NULL, 4, 'AVAILABLE', 'Active', '2026-04-20 23:17:32.791', '2026-04-20 23:17:32.791'),
(349, 51, 'Coreg', NULL, 4, 'AVAILABLE', 'Active', '2026-04-20 23:17:32.791', '2026-04-20 23:17:32.791'),
(350, 52, 'Aldactone', NULL, 4, 'AVAILABLE', 'Active', '2026-04-20 23:17:32.791', '2026-04-20 23:17:32.791'),
(351, 53, 'Mucinex', NULL, 4, 'AVAILABLE', 'Active', '2026-04-20 23:17:32.791', '2026-04-20 23:17:32.791'),
(352, 54, 'Biaxin', NULL, 4, 'AVAILABLE', 'Active', '2026-04-20 23:17:32.791', '2026-04-20 23:17:32.791'),
(353, 55, 'Decadron', NULL, 4, 'AVAILABLE', 'Active', '2026-04-20 23:17:32.791', '2026-04-20 23:17:32.791'),
(354, 56, 'Zofran', NULL, 4, 'AVAILABLE', 'Active', '2026-04-20 23:17:32.791', '2026-04-20 23:17:32.791'),
(355, 57, 'Prevacid', NULL, 4, 'AVAILABLE', 'Active', '2026-04-20 23:17:32.791', '2026-04-20 23:17:32.791'),
(356, 58, 'Prozac', NULL, 4, 'AVAILABLE', 'Active', '2026-04-20 23:17:32.791', '2026-04-20 23:17:32.791'),
(357, 59, 'Zoloft', NULL, 4, 'AVAILABLE', 'Active', '2026-04-20 23:17:32.791', '2026-04-20 23:17:32.791'),
(358, 60, 'Lexapro', NULL, 4, 'AVAILABLE', 'Active', '2026-04-20 23:17:32.791', '2026-04-20 23:17:32.791'),
(359, 61, 'Xanax', NULL, 4, 'AVAILABLE', 'Active', '2026-04-20 23:17:32.791', '2026-04-20 23:17:32.791'),
(360, 62, 'Valium', NULL, 4, 'AVAILABLE', 'Active', '2026-04-20 23:17:32.791', '2026-04-20 23:17:32.791'),
(361, 63, 'Ativan', NULL, 4, 'AVAILABLE', 'Active', '2026-04-20 23:17:32.791', '2026-04-20 23:17:32.791'),
(362, 64, 'Klonopin', NULL, 4, 'AVAILABLE', 'Active', '2026-04-20 23:17:32.791', '2026-04-20 23:17:32.791'),
(363, 65, 'Effexor', NULL, 4, 'AVAILABLE', 'Active', '2026-04-20 23:17:32.791', '2026-04-20 23:17:32.791'),
(364, 66, 'Cymbalta', NULL, 4, 'AVAILABLE', 'Active', '2026-04-20 23:17:32.791', '2026-04-20 23:17:32.791'),
(365, 67, 'Wellbutrin', NULL, 4, 'AVAILABLE', 'Active', '2026-04-20 23:17:32.791', '2026-04-20 23:17:32.791'),
(366, 68, 'Ritalin', NULL, 4, 'AVAILABLE', 'Active', '2026-04-20 23:17:32.791', '2026-04-20 23:17:32.791'),
(367, 69, 'Provigil', NULL, 4, 'AVAILABLE', 'Active', '2026-04-20 23:17:32.791', '2026-04-20 23:17:32.791'),
(368, 70, 'Zestril', NULL, 4, 'AVAILABLE', 'Active', '2026-04-20 23:17:32.791', '2026-04-20 23:17:32.791'),
(369, 71, 'Vasotec', NULL, 4, 'AVAILABLE', 'Active', '2026-04-20 23:17:32.791', '2026-04-20 23:17:32.791'),
(370, 72, 'Inderal', NULL, 4, 'AVAILABLE', 'Active', '2026-04-20 23:17:32.791', '2026-04-20 23:17:32.791'),
(371, 73, 'Tenormin', NULL, 4, 'AVAILABLE', 'Active', '2026-04-20 23:17:32.791', '2026-04-20 23:17:32.791'),
(372, 74, 'Lopressor', NULL, 4, 'AVAILABLE', 'Active', '2026-04-20 23:17:32.791', '2026-04-20 23:17:32.791'),
(373, 75, 'Lasix', NULL, 4, 'AVAILABLE', 'Active', '2026-04-20 23:17:32.791', '2026-04-20 23:17:32.791'),
(374, 76, 'Microzide', NULL, 4, 'AVAILABLE', 'Active', '2026-04-20 23:17:32.791', '2026-04-20 23:17:32.791'),
(375, 77, 'K-Dur', NULL, 4, 'AVAILABLE', 'Active', '2026-04-20 23:17:32.791', '2026-04-20 23:17:32.791'),
(376, 78, 'Tums', NULL, 4, 'AVAILABLE', 'Active', '2026-04-20 23:17:32.791', '2026-04-20 23:17:32.791'),
(377, 79, 'Caltrate', NULL, 4, 'AVAILABLE', 'Active', '2026-04-20 23:17:32.791', '2026-04-20 23:17:32.791'),
(378, 80, 'Slow Fe', NULL, 4, 'AVAILABLE', 'Active', '2026-04-20 23:17:32.791', '2026-04-20 23:17:32.791'),
(379, 81, 'Folvite', NULL, 4, 'AVAILABLE', 'Active', '2026-04-20 23:17:32.791', '2026-04-20 23:17:32.791'),
(380, 82, 'Azelex', NULL, 4, 'AVAILABLE', 'Active', '2026-04-20 23:17:32.791', '2026-04-20 23:17:32.791'),
(381, 83, 'Differin', NULL, 4, 'AVAILABLE', 'Active', '2026-04-20 23:17:32.791', '2026-04-20 23:17:32.791'),
(382, 84, 'Nizoral', NULL, 4, 'AVAILABLE', 'Active', '2026-04-20 23:17:32.791', '2026-04-20 23:17:32.791'),
(383, 85, 'Bactroban', NULL, 4, 'AVAILABLE', 'Active', '2026-04-20 23:17:32.791', '2026-04-20 23:17:32.791'),
(384, 86, 'Silvadene', NULL, 4, 'AVAILABLE', 'Active', '2026-04-20 23:17:32.791', '2026-04-20 23:17:32.791'),
(385, 87, 'Temovate', NULL, 4, 'AVAILABLE', 'Active', '2026-04-20 23:17:32.791', '2026-04-20 23:17:32.791'),
(386, 88, 'Diprolene', NULL, 4, 'AVAILABLE', 'Active', '2026-04-20 23:17:32.791', '2026-04-20 23:17:32.791'),
(387, 89, 'Cortizone', NULL, 4, 'AVAILABLE', 'Active', '2026-04-20 23:17:32.791', '2026-04-20 23:17:32.791'),
(388, 90, 'Lamisil', NULL, 4, 'AVAILABLE', 'Active', '2026-04-20 23:17:32.791', '2026-04-20 23:17:32.791'),
(389, 91, 'Mycostatin', NULL, 4, 'AVAILABLE', 'Active', '2026-04-20 23:17:32.791', '2026-04-20 23:17:32.791'),
(390, 92, 'Monistat', NULL, 4, 'AVAILABLE', 'Active', '2026-04-20 23:17:32.791', '2026-04-20 23:17:32.791'),
(391, 93, 'Peridex', NULL, 4, 'AVAILABLE', 'Active', '2026-04-20 23:17:32.791', '2026-04-20 23:17:32.791'),
(392, 94, 'Xylocaine', NULL, 4, 'AVAILABLE', 'Active', '2026-04-20 23:17:32.791', '2026-04-20 23:17:32.791'),
(393, 95, 'Compound W', NULL, 4, 'AVAILABLE', 'Active', '2026-04-20 23:17:32.791', '2026-04-20 23:17:32.791'),
(394, 96, 'Imitrex', NULL, 4, 'AVAILABLE', 'Active', '2026-04-20 23:17:32.791', '2026-04-20 23:17:32.791'),
(395, 97, 'Relpax', NULL, 4, 'AVAILABLE', 'Active', '2026-04-20 23:17:32.791', '2026-04-20 23:17:32.791'),
(396, 98, 'Gaviscon', NULL, 4, 'AVAILABLE', 'Active', '2026-04-20 23:17:32.791', '2026-04-20 23:17:32.791'),
(397, 99, 'Pepto-Bismol', NULL, 4, 'AVAILABLE', 'Active', '2026-04-20 23:17:32.791', '2026-04-20 23:17:32.791'),
(398, 100, 'Imodium', NULL, 4, 'AVAILABLE', 'Active', '2026-04-20 23:17:32.791', '2026-04-20 23:17:32.791'),
(399, 101, 'Senokot', NULL, 4, 'AVAILABLE', 'Active', '2026-04-20 23:17:32.791', '2026-04-20 23:17:32.791'),
(400, 102, 'Dulcolax', NULL, 4, 'AVAILABLE', 'Active', '2026-04-20 23:17:32.791', '2026-04-20 23:17:32.791'),
(401, 3, 'Adol', NULL, 5, 'AVAILABLE', 'Active', '2026-04-20 23:17:32.791', '2026-04-20 23:17:32.791'),
(402, 4, 'Losec', NULL, 5, 'AVAILABLE', 'Active', '2026-04-20 23:17:32.791', '2026-04-20 23:17:32.791'),
(403, 5, 'Zitrone', NULL, 5, 'AVAILABLE', 'Active', '2026-04-20 23:17:32.791', '2026-04-20 23:17:32.791'),
(404, 6, 'Glumet', NULL, 5, 'AVAILABLE', 'Active', '2026-04-20 23:17:32.791', '2026-04-20 23:17:32.791'),
(405, 7, 'Amlopine', NULL, 5, 'AVAILABLE', 'Active', '2026-04-20 23:17:32.791', '2026-04-20 23:17:32.791'),
(406, 8, 'Lipitin', NULL, 5, 'AVAILABLE', 'Active', '2026-04-20 23:17:32.791', '2026-04-20 23:17:32.791'),
(407, 9, 'Aerolin', NULL, 5, 'AVAILABLE', 'Active', '2026-04-20 23:17:32.791', '2026-04-20 23:17:32.791'),
(408, 10, 'Cetrine', NULL, 5, 'AVAILABLE', 'Active', '2026-04-20 23:17:32.791', '2026-04-20 23:17:32.791'),
(409, 11, 'Esoget', NULL, 5, 'AVAILABLE', 'Active', '2026-04-20 23:17:32.791', '2026-04-20 23:17:32.791'),
(410, 12, 'Montiget', NULL, 5, 'AVAILABLE', 'Active', '2026-04-20 23:17:32.791', '2026-04-20 23:17:32.791'),
(411, 13, 'Ciprobay', NULL, 5, 'AVAILABLE', 'Active', '2026-04-20 23:17:32.791', '2026-04-20 23:17:32.791'),
(412, 14, 'Losar', NULL, 5, 'AVAILABLE', 'Active', '2026-04-20 23:17:32.791', '2026-04-20 23:17:32.791'),
(413, 15, 'Dompy', NULL, 5, 'AVAILABLE', 'Active', '2026-04-20 23:17:32.791', '2026-04-20 23:17:32.791'),
(414, 16, 'Controloc', NULL, 5, 'AVAILABLE', 'Active', '2026-04-20 23:17:32.791', '2026-04-20 23:17:32.791'),
(415, 17, 'Fexet', NULL, 5, 'AVAILABLE', 'Active', '2026-04-20 23:17:32.791', '2026-04-20 23:17:32.791'),
(416, 18, 'Olfen', NULL, 5, 'AVAILABLE', 'Active', '2026-04-20 23:17:32.791', '2026-04-20 23:17:32.791'),
(417, 19, 'Rosuvast', NULL, 5, 'AVAILABLE', 'Active', '2026-04-20 23:17:32.791', '2026-04-20 23:17:32.791'),
(418, 20, 'Concor', NULL, 5, 'AVAILABLE', 'Active', '2026-04-20 23:17:32.791', '2026-04-20 23:17:32.791'),
(419, 21, 'Aerius', NULL, 5, 'AVAILABLE', 'Active', '2026-04-20 23:17:32.791', '2026-04-20 23:17:32.791'),
(420, 22, 'Metrogyl', NULL, 5, 'AVAILABLE', 'Active', '2026-04-20 23:17:32.791', '2026-04-20 23:17:32.791'),
(421, 23, 'Iscover', NULL, 5, 'AVAILABLE', 'Active', '2026-04-20 23:17:32.791', '2026-04-20 23:17:32.791'),
(422, 24, 'Glemid', NULL, 5, 'AVAILABLE', 'Active', '2026-04-20 23:17:32.791', '2026-04-20 23:17:32.791'),
(423, 25, 'Tavanic', NULL, 5, 'AVAILABLE', 'Active', '2026-04-20 23:17:32.791', '2026-04-20 23:17:32.791'),
(424, 26, 'Fluzat', NULL, 5, 'AVAILABLE', 'Active', '2026-04-20 23:17:32.791', '2026-04-20 23:17:32.791'),
(425, 27, 'Janu', NULL, 5, 'AVAILABLE', 'Active', '2026-04-20 23:17:32.791', '2026-04-20 23:17:32.791'),
(426, 28, 'Tritace', NULL, 5, 'AVAILABLE', 'Active', '2026-04-20 23:17:32.791', '2026-04-20 23:17:32.791'),
(427, 29, 'Zomelis', NULL, 5, 'AVAILABLE', 'Active', '2026-04-20 23:17:32.791', '2026-04-20 23:17:32.791'),
(428, 30, 'Vigamox', NULL, 5, 'AVAILABLE', 'Active', '2026-04-20 23:17:32.791', '2026-04-20 23:17:32.791'),
(429, 31, 'Panafcort', NULL, 5, 'AVAILABLE', 'Active', '2026-04-20 23:17:32.791', '2026-04-20 23:17:32.791'),
(430, 32, 'Histac', NULL, 5, 'AVAILABLE', 'Active', '2026-04-20 23:17:32.791', '2026-04-20 23:17:32.791'),
(431, 33, 'Revatio', NULL, 5, 'AVAILABLE', 'Active', '2026-04-20 23:17:32.791', '2026-04-20 23:17:32.791'),
(432, 34, 'Omnic', NULL, 5, 'AVAILABLE', 'Active', '2026-04-20 23:17:32.791', '2026-04-20 23:17:32.791'),
(433, 35, 'Marevan', NULL, 5, 'AVAILABLE', 'Active', '2026-04-20 23:17:32.791', '2026-04-20 23:17:32.791'),
(434, 36, 'Zolpid', NULL, 5, 'AVAILABLE', 'Active', '2026-04-20 23:17:32.791', '2026-04-20 23:17:32.791'),
(435, 37, 'Baclof', NULL, 5, 'AVAILABLE', 'Active', '2026-04-20 23:17:32.791', '2026-04-20 23:17:32.791'),
(436, 38, 'Gralise', NULL, 5, 'AVAILABLE', 'Active', '2026-04-20 23:17:32.791', '2026-04-20 23:17:32.791'),
(437, 39, 'Nurofen', NULL, 5, 'AVAILABLE', 'Active', '2026-04-20 23:17:32.791', '2026-04-20 23:17:32.791'),
(438, 40, 'Lorin', NULL, 5, 'AVAILABLE', 'Active', '2026-04-20 23:17:32.791', '2026-04-20 23:17:32.791'),
(439, 41, 'Synflex', NULL, 5, 'AVAILABLE', 'Active', '2026-04-20 23:17:32.791', '2026-04-20 23:17:32.791'),
(440, 42, 'Tramal', NULL, 5, 'AVAILABLE', 'Active', '2026-04-20 23:17:32.791', '2026-04-20 23:17:32.791'),
(441, 43, 'Tareg', NULL, 5, 'AVAILABLE', 'Active', '2026-04-20 23:17:32.791', '2026-04-20 23:17:32.791'),
(442, 44, 'Simcor', NULL, 5, 'AVAILABLE', 'Active', '2026-04-20 23:17:32.791', '2026-04-20 23:17:32.791'),
(443, 45, 'Pritor', NULL, 5, 'AVAILABLE', 'Active', '2026-04-20 23:17:32.791', '2026-04-20 23:17:32.791'),
(444, 46, 'Neugaba', NULL, 5, 'AVAILABLE', 'Active', '2026-04-20 23:17:32.791', '2026-04-20 23:17:32.791'),
(445, 47, 'Euthyrox', NULL, 5, 'AVAILABLE', 'Active', '2026-04-20 23:17:32.791', '2026-04-20 23:17:32.791'),
(446, 48, 'Doxymycin', NULL, 5, 'AVAILABLE', 'Active', '2026-04-20 23:17:32.791', '2026-04-20 23:17:32.791'),
(447, 49, 'Cefspan', NULL, 5, 'AVAILABLE', 'Active', '2026-04-20 23:17:32.791', '2026-04-20 23:17:32.791'),
(448, 50, 'Moxypen', NULL, 5, 'AVAILABLE', 'Active', '2026-04-20 23:17:32.791', '2026-04-20 23:17:32.791'),
(449, 51, 'Dilatrend', NULL, 5, 'AVAILABLE', 'Active', '2026-04-20 23:17:32.791', '2026-04-20 23:17:32.791'),
(450, 52, 'Spiractin', NULL, 5, 'AVAILABLE', 'Active', '2026-04-20 23:17:32.791', '2026-04-20 23:17:32.791'),
(451, 53, 'Robitussin', NULL, 5, 'AVAILABLE', 'Active', '2026-04-20 23:17:32.791', '2026-04-20 23:17:32.791'),
(452, 54, 'Klacid', NULL, 5, 'AVAILABLE', 'Active', '2026-04-20 23:17:32.791', '2026-04-20 23:17:32.791'),
(453, 55, 'Dexona', NULL, 5, 'AVAILABLE', 'Active', '2026-04-20 23:17:32.791', '2026-04-20 23:17:32.791'),
(454, 56, 'Onset', NULL, 5, 'AVAILABLE', 'Active', '2026-04-20 23:17:32.791', '2026-04-20 23:17:32.791'),
(455, 57, 'Zoton', NULL, 5, 'AVAILABLE', 'Active', '2026-04-20 23:17:32.791', '2026-04-20 23:17:32.791'),
(456, 58, 'Fluox', NULL, 5, 'AVAILABLE', 'Active', '2026-04-20 23:17:32.791', '2026-04-20 23:17:32.791'),
(457, 59, 'Lustral', NULL, 5, 'AVAILABLE', 'Active', '2026-04-20 23:17:32.791', '2026-04-20 23:17:32.791'),
(458, 60, 'Esitalo', NULL, 5, 'AVAILABLE', 'Active', '2026-04-20 23:17:32.791', '2026-04-20 23:17:32.791'),
(459, 61, 'Restyl', NULL, 5, 'AVAILABLE', 'Active', '2026-04-20 23:17:32.791', '2026-04-20 23:17:32.791'),
(460, 62, 'Diastat', NULL, 5, 'AVAILABLE', 'Active', '2026-04-20 23:17:32.791', '2026-04-20 23:17:32.791'),
(461, 63, 'Loraz', NULL, 5, 'AVAILABLE', 'Active', '2026-04-20 23:17:32.791', '2026-04-20 23:17:32.791'),
(462, 64, 'Paxam', NULL, 5, 'AVAILABLE', 'Active', '2026-04-20 23:17:32.791', '2026-04-20 23:17:32.791'),
(463, 65, 'Trevilor', NULL, 5, 'AVAILABLE', 'Active', '2026-04-20 23:17:32.791', '2026-04-20 23:17:32.791'),
(464, 66, 'Xeristar', NULL, 5, 'AVAILABLE', 'Active', '2026-04-20 23:17:32.791', '2026-04-20 23:17:32.791'),
(465, 67, 'Budeprion', NULL, 5, 'AVAILABLE', 'Active', '2026-04-20 23:17:32.791', '2026-04-20 23:17:32.791'),
(466, 68, 'Daytrana', NULL, 5, 'AVAILABLE', 'Active', '2026-04-20 23:17:32.791', '2026-04-20 23:17:32.791'),
(467, 69, 'Modavigil', NULL, 5, 'AVAILABLE', 'Active', '2026-04-20 23:17:32.791', '2026-04-20 23:17:32.791'),
(468, 70, 'Prinivil', NULL, 5, 'AVAILABLE', 'Active', '2026-04-20 23:17:32.791', '2026-04-20 23:17:32.791'),
(469, 71, 'Enalapril', NULL, 5, 'AVAILABLE', 'Active', '2026-04-20 23:17:32.791', '2026-04-20 23:17:32.791'),
(470, 72, 'Hemangeol', NULL, 5, 'AVAILABLE', 'Active', '2026-04-20 23:17:32.791', '2026-04-20 23:17:32.791'),
(471, 73, 'Atecard', NULL, 5, 'AVAILABLE', 'Active', '2026-04-20 23:17:32.791', '2026-04-20 23:17:32.791');
INSERT INTO `medicine_brands` (`id`, `medicine_id`, `brand_name`, `manufacturer`, `country_id`, `availability`, `status`, `created_at`, `updated_at`) VALUES
(472, 74, 'Toprol-XL', NULL, 5, 'AVAILABLE', 'Active', '2026-04-20 23:17:32.791', '2026-04-20 23:17:32.791'),
(473, 75, 'Furix', NULL, 5, 'AVAILABLE', 'Active', '2026-04-20 23:17:32.791', '2026-04-20 23:17:32.791'),
(474, 76, 'Esidrix', NULL, 5, 'AVAILABLE', 'Active', '2026-04-20 23:17:32.791', '2026-04-20 23:17:32.791'),
(475, 77, 'Klor-Con', NULL, 5, 'AVAILABLE', 'Active', '2026-04-20 23:17:32.791', '2026-04-20 23:17:32.791'),
(476, 78, 'Os-Cal', NULL, 5, 'AVAILABLE', 'Active', '2026-04-20 23:17:32.791', '2026-04-20 23:17:32.791'),
(477, 79, 'Dekristol', NULL, 5, 'AVAILABLE', 'Active', '2026-04-20 23:17:32.791', '2026-04-20 23:17:32.791'),
(478, 80, 'Feroglobin', NULL, 5, 'AVAILABLE', 'Active', '2026-04-20 23:17:32.791', '2026-04-20 23:17:32.791'),
(479, 81, 'Folace', NULL, 5, 'AVAILABLE', 'Active', '2026-04-20 23:17:32.791', '2026-04-20 23:17:32.791'),
(480, 82, 'Finacea', NULL, 5, 'AVAILABLE', 'Active', '2026-04-20 23:17:32.791', '2026-04-20 23:17:32.791'),
(481, 83, 'Adiff', NULL, 5, 'AVAILABLE', 'Active', '2026-04-20 23:17:32.791', '2026-04-20 23:17:32.791'),
(482, 84, 'Ketozol', NULL, 5, 'AVAILABLE', 'Active', '2026-04-20 23:17:32.791', '2026-04-20 23:17:32.791'),
(483, 85, 'Mupipro', NULL, 5, 'AVAILABLE', 'Active', '2026-04-20 23:17:32.791', '2026-04-20 23:17:32.791'),
(484, 86, 'Flamazine', NULL, 5, 'AVAILABLE', 'Active', '2026-04-20 23:17:32.791', '2026-04-20 23:17:32.791'),
(485, 87, 'Dermovate', NULL, 5, 'AVAILABLE', 'Active', '2026-04-20 23:17:32.791', '2026-04-20 23:17:32.791'),
(486, 88, 'Beta', NULL, 5, 'AVAILABLE', 'Active', '2026-04-20 23:17:32.791', '2026-04-20 23:17:32.791'),
(487, 89, 'Locoid', NULL, 5, 'AVAILABLE', 'Active', '2026-04-20 23:17:32.791', '2026-04-20 23:17:32.791'),
(488, 90, 'Terbisil', NULL, 5, 'AVAILABLE', 'Active', '2026-04-20 23:17:32.791', '2026-04-20 23:17:32.791'),
(489, 91, 'Nilstat', NULL, 5, 'AVAILABLE', 'Active', '2026-04-20 23:17:32.791', '2026-04-20 23:17:32.791'),
(490, 92, 'Miconaz', NULL, 5, 'AVAILABLE', 'Active', '2026-04-20 23:17:32.791', '2026-04-20 23:17:32.791'),
(491, 93, 'Savacol', NULL, 5, 'AVAILABLE', 'Active', '2026-04-20 23:17:32.791', '2026-04-20 23:17:32.791'),
(492, 94, 'Lidoderm', NULL, 5, 'AVAILABLE', 'Active', '2026-04-20 23:17:32.791', '2026-04-20 23:17:32.791'),
(493, 95, 'Salicyl', NULL, 5, 'AVAILABLE', 'Active', '2026-04-20 23:17:32.791', '2026-04-20 23:17:32.791'),
(494, 96, 'Imigran', NULL, 5, 'AVAILABLE', 'Active', '2026-04-20 23:17:32.791', '2026-04-20 23:17:32.791'),
(495, 97, 'Relert', NULL, 5, 'AVAILABLE', 'Active', '2026-04-20 23:17:32.791', '2026-04-20 23:17:32.791'),
(496, 98, 'Gaviscon', NULL, 5, 'AVAILABLE', 'Active', '2026-04-20 23:17:32.791', '2026-04-20 23:17:32.791'),
(497, 99, 'Bismol', NULL, 5, 'AVAILABLE', 'Active', '2026-04-20 23:17:32.791', '2026-04-20 23:17:32.791'),
(498, 100, 'Lomotil', NULL, 5, 'AVAILABLE', 'Active', '2026-04-20 23:17:32.791', '2026-04-20 23:17:32.791'),
(499, 101, 'Laxina', NULL, 5, 'AVAILABLE', 'Active', '2026-04-20 23:17:32.791', '2026-04-20 23:17:32.791'),
(500, 102, 'Laxoberon', NULL, 5, 'AVAILABLE', 'Active', '2026-04-20 23:17:32.791', '2026-04-20 23:17:32.791');

-- --------------------------------------------------------

--
-- Table structure for table `search_history`
--

CREATE TABLE `search_history` (
  `id` int(11) NOT NULL,
  `user_id` int(11) NOT NULL,
  `search_term` varchar(150) NOT NULL,
  `result_count` int(11) NOT NULL,
  `search_date` datetime(3) NOT NULL DEFAULT current_timestamp(3)
) ENGINE=InnoDB DEFAULT CHARSET=utf8mb4 COLLATE=utf8mb4_unicode_ci;

--
-- Dumping data for table `search_history`
--

INSERT INTO `search_history` (`id`, `user_id`, `search_term`, `result_count`, `search_date`) VALUES
(1, 6, 'amoxicillin', 1, '2025-11-26 08:57:29.666'),
(2, 6, 'amoxicillin', 0, '2025-11-30 06:24:15.243'),
(3, 6, 'napa', 1, '2025-11-30 06:27:20.711'),
(4, 6, 'napa', 1, '2025-11-30 06:33:45.434'),
(5, 6, 'napa', 1, '2025-11-30 06:34:48.041'),
(6, 6, 'napa', 1, '2025-11-30 06:36:29.836'),
(7, 6, 'paracetamol', 1, '2025-11-30 06:36:54.427'),
(8, 6, 'paracetamol', 1, '2025-11-30 06:37:04.953'),
(9, 6, 'paracetamol', 1, '2025-11-30 06:37:07.465'),
(10, 6, 'paracitamol', 0, '2025-11-30 06:37:51.794'),
(11, 6, 'peracitamel', 0, '2025-11-30 06:38:00.808'),
(12, 6, 'Paracetamol', 1, '2025-11-30 06:38:45.798'),
(13, 6, 'peracitamol', 0, '2025-11-30 06:38:58.666'),
(14, 6, 'Paracetamol', 1, '2025-11-30 16:20:54.581'),
(15, 6, 'test1', 1, '2025-12-01 04:56:37.030'),
(16, 6, 'test', 1, '2025-12-01 04:56:53.235'),
(17, 6, 'test2', 1, '2025-12-01 04:57:04.721'),
(18, 15, 'test', 1, '2025-12-01 04:58:01.486'),
(19, 15, 'test', 1, '2025-12-01 04:58:06.223'),
(20, 4, 'napa', 1, '2025-12-09 18:51:33.693'),
(21, 6, 'harbal', 0, '2026-03-10 02:59:15.943'),
(22, 9, 'napa', 1, '2026-03-10 03:03:58.588'),
(23, 9, 'napa', 1, '2026-03-10 03:04:10.702'),
(24, 9, 'napa', 0, '2026-03-10 03:04:17.247'),
(25, 9, 'napa', 0, '2026-03-10 03:04:22.825'),
(26, 9, 'napa', 0, '2026-03-10 03:04:26.871'),
(27, 6, 'Napa', 1, '2026-03-10 17:22:11.294'),
(28, 6, 'Paracetamol', 1, '2026-03-10 17:22:30.373'),
(29, 6, 'dise', 0, '2026-03-11 04:22:48.321'),
(30, 6, 'Paracetamol', 1, '2026-03-11 16:27:34.673'),
(31, 6, 'Paracetamol', 1, '2026-03-11 16:47:27.924'),
(32, 6, 'Fever', 1, '2026-03-11 16:47:57.023'),
(33, 6, 'Fever', 1, '2026-03-13 17:22:07.279'),
(34, 6, 'Diabetes', 1, '2026-03-13 17:23:44.179'),
(35, 6, 'Amoxicillin', 0, '2026-04-15 06:02:57.628'),
(36, 6, 'Amoxicillin', 0, '2026-04-15 06:02:58.185'),
(37, 6, 'Amoxicillin', 0, '2026-04-15 06:02:58.241'),
(38, 6, 'Amoxicillin', 0, '2026-04-15 06:02:59.200'),
(39, 6, 'Amoxicillin', 0, '2026-04-15 06:02:59.295'),
(40, 6, 'Amoxicillin', 0, '2026-04-15 06:03:00.643'),
(41, 6, 'Amoxicillin', 0, '2026-04-15 06:03:01.610'),
(42, 6, 'Amoxicillin', 0, '2026-04-15 06:03:05.370'),
(43, 6, 'Omeprazole', 0, '2026-04-15 06:03:36.042'),
(44, 6, 'Omeprazole', 0, '2026-04-15 06:03:37.747'),
(45, 6, 'fever', 1, '2026-04-15 07:06:27.913'),
(46, 6, 'fever', 1, '2026-04-15 07:06:27.992'),
(47, 6, 'fever', 1, '2026-04-15 09:32:33.695'),
(48, 6, 'fever', 0, '2026-04-15 09:38:14.310'),
(49, 6, 'fever', 0, '2026-04-15 09:38:15.459'),
(50, 6, 'fever', 0, '2026-04-15 09:38:15.928'),
(51, 6, 'fever', 0, '2026-04-15 09:38:16.348'),
(52, 6, 'fever', 0, '2026-04-15 09:38:16.761'),
(53, 6, 'fever', 0, '2026-04-15 09:38:18.444'),
(54, 6, 'fever', 0, '2026-04-15 09:38:19.467'),
(55, 6, 'fever', 2, '2026-04-15 09:38:23.215'),
(56, 6, 'fever', 2, '2026-04-15 09:39:44.240'),
(57, 6, 'fever', 1, '2026-04-15 09:40:01.793'),
(58, 11, 'fever', 2, '2026-04-20 09:18:39.306'),
(59, 16, 'Paracetamol', 2, '2026-04-20 09:20:18.005'),
(60, 6, 'Acidity', 10, '2026-04-20 17:45:13.115'),
(61, 6, 'Acidity', 0, '2026-04-20 17:45:25.391'),
(62, 6, 'Acidity', 0, '2026-04-20 17:45:30.258'),
(63, 6, 'Acidity', 0, '2026-04-20 17:45:38.214'),
(64, 6, 'Acidity', 10, '2026-04-20 17:45:40.124'),
(65, 6, 'Acidity', 10, '2026-04-20 17:46:50.289'),
(66, 6, 'Acidity', 2, '2026-04-20 17:46:54.250'),
(67, 6, 'Acidity', 10, '2026-04-20 17:46:58.680'),
(68, 6, 'Acidity', 10, '2026-04-20 17:47:13.805'),
(69, 6, 'Fever', 5, '2026-04-20 17:47:57.074'),
(70, 6, 'Paracetamol', 5, '2026-04-20 17:48:13.735'),
(71, 6, 'Diarrhea', 5, '2026-04-20 17:55:19.309'),
(72, 6, 'Gastritis', 5, '2026-04-20 18:04:24.814'),
(73, 6, 'Gastritis', 1, '2026-04-20 18:05:14.911'),
(74, 6, 'Gastritis', 5, '2026-04-20 18:05:20.657'),
(75, 6, 'Adol', 5, '2026-04-20 18:06:48.578'),
(76, 6, 'Paracetamol', 5, '2026-04-20 18:07:12.092'),
(77, 6, 'Goldenseal', 0, '2026-04-20 18:08:09.459'),
(78, 6, 'Antacid', 0, '2026-04-20 18:08:16.033'),
(79, 6, 'Omeprazole', 10, '2026-04-20 18:08:19.976'),
(80, 6, 'Fever/Pain', 5, '2026-04-20 18:08:45.913'),
(81, 6, 'Fever', 5, '2026-04-22 10:52:48.040'),
(82, 6, 'Gastritis', 5, '2026-04-22 10:54:04.807'),
(83, 6, 'Gastritis', 5, '2026-04-22 10:54:28.459');

-- --------------------------------------------------------

--
-- Table structure for table `users`
--

CREATE TABLE `users` (
  `id` int(11) NOT NULL,
  `name` varchar(100) DEFAULT NULL,
  `email` varchar(150) NOT NULL,
  `password` varchar(255) NOT NULL,
  `phone` varchar(20) DEFAULT NULL,
  `country` varchar(100) DEFAULT NULL,
  `role` enum('USER','DOCTOR','ADMIN') NOT NULL DEFAULT 'USER',
  `created_at` datetime(3) NOT NULL DEFAULT current_timestamp(3),
  `updated_at` datetime(3) NOT NULL,
  `profile_pic` varchar(255) DEFAULT NULL,
  `status` enum('ACTIVE','INACTIVE','PENDING') DEFAULT 'ACTIVE'
) ENGINE=InnoDB DEFAULT CHARSET=utf8mb4 COLLATE=utf8mb4_unicode_ci;

--
-- Dumping data for table `users`
--

INSERT INTO `users` (`id`, `name`, `email`, `password`, `phone`, `country`, `role`, `created_at`, `updated_at`, `profile_pic`, `status`) VALUES
(1, 'Admin User', 'admin@example.com', '$2b$10$59fudIF.wET6vXVyMNCeoeHGo0STFhnlEpAZYjvZQ1e4YVUhhSWkG', NULL, NULL, 'ADMIN', '2025-11-05 18:40:14.063', '2025-11-05 18:40:14.063', NULL, 'ACTIVE'),
(3, 'Regular User', 'user@example.com', '$2b$10$Yx0OQBrb7xZxU2CHGTGJcuPcL6ZZXrKjgv/kyrh6RmWWlT5JsJQZO', NULL, NULL, 'USER', '2025-11-05 18:40:14.429', '2025-11-05 18:40:14.429', NULL, 'ACTIVE'),
(4, 'badhon', 'badhon@gmail.com', '$2b$10$KdDjYX6Age5och7OMbB3ue/Bevmn1DDbdFZPBW1pdyccyu.QxEeiG', NULL, NULL, 'USER', '2025-11-05 19:10:16.401', '2025-11-05 19:10:16.401', NULL, 'ACTIVE'),
(5, 'Dr. Mruf', 'maruf@gamil.com', '$2b$10$NUPK3K524Pm6IYc5EHzyQ.w58qLyxgzoKjMD3n3TVGYiJk8AZ.m56', '01940617901', NULL, 'DOCTOR', '2025-11-05 19:15:07.019', '2025-12-01 04:48:23.051', NULL, 'ACTIVE'),
(6, 'Dr. Maruf', 'superadmin@gmail.com', '$2b$10$8DpKWpCKhMLe.byD3ZVdbuhrGB94.pL0wkC26O.dXh9u7JOf1V4c6', '01940617901', '', 'ADMIN', '2025-11-06 05:34:16.428', '2026-04-16 12:51:00.880', NULL, 'ACTIVE'),
(7, 'badhon', 'badhon1@gmail.com', '$2b$10$bSqjyFXOF3Ypqy6EJhOpF.FXj4SYSGtocMM6c7BPG.EMwIdTYVw1K', NULL, NULL, 'USER', '2025-11-06 05:36:51.294', '2025-11-06 05:36:51.294', NULL, 'ACTIVE'),
(8, 'superadmin', 'superadmin1@gmail.com', '$2b$10$sEWfN7pTlHAyv0USERR7AOcdOY8p3nEq4biro/Gl2dZ.pRrNq/fju', NULL, NULL, 'USER', '2025-11-09 18:52:33.770', '2025-11-26 08:00:10.104', NULL, 'ACTIVE'),
(9, 'Dr Adan', 'adan@gmail.com', '$2b$10$8DpKWpCKhMLe.byD3ZVdbuhrGB94.pL0wkC26O.dXh9u7JOf1V4c6', '019406179', 'BD', 'DOCTOR', '2025-11-10 13:07:38.821', '2025-11-17 07:09:40.880', NULL, 'ACTIVE'),
(11, 'Mr Test', 'doctortest@gmail.com', '$2b$10$TLoPSNxNDvJPOJ1qfOetfeskTX2RYeIdlLrCY7GlTpxCK.Ks4ogxq', NULL, NULL, 'DOCTOR', '2025-11-30 16:15:27.827', '2025-11-30 16:15:27.827', NULL, 'ACTIVE'),
(13, 'Dr. Niloy', 'niloy@gmail.com', '$2b$10$9Wd7PJ0e6V55SRdK7ChUpujU7xYrGfl528suyIs.tG8BvfXYsCFAm', NULL, NULL, 'DOCTOR', '2025-11-30 16:19:59.622', '2025-11-30 16:19:59.622', NULL, 'ACTIVE'),
(14, 'Dr. Ahad', 'ahad@gmail.com', '$2b$10$UQ85G9jGgL.iDEEIez8PHeMDuNTxLm/ziDL4pUgTPRBqorIRj31/.', NULL, NULL, 'DOCTOR', '2025-12-01 04:54:17.084', '2025-12-01 04:54:17.084', NULL, 'ACTIVE'),
(15, 'rasel', 'rasel@gmail.com', '$2b$10$JPxBEiJCh3tsS9pPcBIV5.3fnUlB8qC4Aq53E55cSfNtevB0CHHMi', NULL, NULL, 'USER', '2025-12-01 04:57:35.485', '2025-12-01 04:57:35.485', NULL, 'ACTIVE'),
(16, 'test', 'user@gmail.com', '$2b$10$qe6HNNbzEzI0q.YpfGDaYu9ZoTdAHK9pjgG6exr1N9cI3h6HZ9yd.', NULL, NULL, 'USER', '2026-04-16 13:43:01.324', '2026-04-16 13:47:59.366', NULL, 'ACTIVE');

-- --------------------------------------------------------

--
-- Table structure for table `_prisma_migrations`
--

CREATE TABLE `_prisma_migrations` (
  `id` varchar(36) NOT NULL,
  `checksum` varchar(64) NOT NULL,
  `finished_at` datetime(3) DEFAULT NULL,
  `migration_name` varchar(255) NOT NULL,
  `logs` text DEFAULT NULL,
  `rolled_back_at` datetime(3) DEFAULT NULL,
  `started_at` datetime(3) NOT NULL DEFAULT current_timestamp(3),
  `applied_steps_count` int(10) UNSIGNED NOT NULL DEFAULT 0
) ENGINE=InnoDB DEFAULT CHARSET=utf8mb4 COLLATE=utf8mb4_unicode_ci;

--
-- Dumping data for table `_prisma_migrations`
--

INSERT INTO `_prisma_migrations` (`id`, `checksum`, `finished_at`, `migration_name`, `logs`, `rolled_back_at`, `started_at`, `applied_steps_count`) VALUES
('2c030b56-5b36-4922-819d-994141efba24', '19c8127fa32d6bc1685072ae33e5a6e1399ae1a29a955de0893fd2098a0e86ba', '2025-11-06 06:54:25.497', '20251106065425_add_profile_pic_to_user', NULL, NULL, '2025-11-06 06:54:25.477', 1),
('5918598f-400a-4f12-8694-df26b16308bd', '9b790daddb26e4720f1f0184314cf39a34f019d642dfeaad847910e477a6e6e1', '2026-03-10 17:54:55.204', '20260310175340_add_new_tables', NULL, NULL, '2026-03-10 17:54:54.396', 1),
('6bec3720-e62c-40fa-a08d-d63eda5a78ff', '4d6092c3635dedaba8818ac9663d90286e33354fc6aa26c9a34e7f11d490756d', '2025-11-10 16:58:42.516', '20251110165842_add_meet_link_json', NULL, NULL, '2025-11-10 16:58:42.429', 1),
('6e94fe26-dbf3-4bfd-afdf-f88fd442b993', '043a76c4869c90500ea7dcc5c2ca27a5927b89e04ea976d939c457ce64964210', '2025-11-09 11:58:29.262', '20251109115829_add_user_table_status', NULL, NULL, '2025-11-09 11:58:29.193', 1),
('7f5370cb-e619-47ae-9e9d-b613c6a451ff', '67b6e11a216799146bb018d5d73c2dd1c81199cc91fb3f37a45eabbfe9490035', '2025-11-09 12:12:05.698', '20251109121205_add_country_table_status', NULL, NULL, '2025-11-09 12:12:05.678', 1),
('db423b34-f501-4ee7-b3c9-9ed660e2453f', '633f133f6c1a389b18899b42e3652d2b43194beec4439d33db1846e02d0d1019', '2025-11-04 18:49:26.267', '20251104184925_init', NULL, NULL, '2025-11-04 18:49:25.354', 1);

--
-- Indexes for dumped tables
--

--
-- Indexes for table `alternatives`
--
ALTER TABLE `alternatives`
  ADD PRIMARY KEY (`id`),
  ADD KEY `alternatives_medicine_id_fkey` (`medicine_id`);

--
-- Indexes for table `appointments`
--
ALTER TABLE `appointments`
  ADD PRIMARY KEY (`id`),
  ADD KEY `appointments_user_id_fkey` (`user_id`),
  ADD KEY `appointments_doctor_id_fkey` (`doctor_id`);

--
-- Indexes for table `countries`
--
ALTER TABLE `countries`
  ADD PRIMARY KEY (`id`),
  ADD UNIQUE KEY `countries_code_key` (`code`);

--
-- Indexes for table `diseases`
--
ALTER TABLE `diseases`
  ADD PRIMARY KEY (`id`);

--
-- Indexes for table `disease_medicines`
--
ALTER TABLE `disease_medicines`
  ADD PRIMARY KEY (`id`),
  ADD KEY `disease_medicines_country_id_fkey` (`country_id`),
  ADD KEY `disease_medicines_disease_id_fkey` (`disease_id`),
  ADD KEY `disease_medicines_medicine_id_fkey` (`medicine_id`);

--
-- Indexes for table `doctors`
--
ALTER TABLE `doctors`
  ADD PRIMARY KEY (`id`),
  ADD UNIQUE KEY `doctors_user_id_key` (`user_id`);

--
-- Indexes for table `feedbacks`
--
ALTER TABLE `feedbacks`
  ADD PRIMARY KEY (`id`),
  ADD KEY `feedbacks_user_id_fkey` (`user_id`),
  ADD KEY `feedbacks_doctor_id_fkey` (`doctor_id`),
  ADD KEY `feedbacks_medicine_id_fkey` (`medicine_id`);

--
-- Indexes for table `herbal_supports`
--
ALTER TABLE `herbal_supports`
  ADD PRIMARY KEY (`id`),
  ADD KEY `herbal_supports_country_id_fkey` (`country_id`),
  ADD KEY `herbal_supports_disease_id_fkey` (`disease_id`);

--
-- Indexes for table `medicines`
--
ALTER TABLE `medicines`
  ADD PRIMARY KEY (`id`);

--
-- Indexes for table `medicine_brands`
--
ALTER TABLE `medicine_brands`
  ADD PRIMARY KEY (`id`),
  ADD KEY `medicine_brands_country_id_fkey` (`country_id`),
  ADD KEY `medicine_brands_medicine_id_fkey` (`medicine_id`);

--
-- Indexes for table `search_history`
--
ALTER TABLE `search_history`
  ADD PRIMARY KEY (`id`),
  ADD KEY `search_history_user_id_fkey` (`user_id`);

--
-- Indexes for table `users`
--
ALTER TABLE `users`
  ADD PRIMARY KEY (`id`),
  ADD UNIQUE KEY `users_email_key` (`email`);

--
-- Indexes for table `_prisma_migrations`
--
ALTER TABLE `_prisma_migrations`
  ADD PRIMARY KEY (`id`);

--
-- AUTO_INCREMENT for dumped tables
--

--
-- AUTO_INCREMENT for table `alternatives`
--
ALTER TABLE `alternatives`
  MODIFY `id` int(11) NOT NULL AUTO_INCREMENT;

--
-- AUTO_INCREMENT for table `appointments`
--
ALTER TABLE `appointments`
  MODIFY `id` int(11) NOT NULL AUTO_INCREMENT, AUTO_INCREMENT=5;

--
-- AUTO_INCREMENT for table `countries`
--
ALTER TABLE `countries`
  MODIFY `id` int(11) NOT NULL AUTO_INCREMENT, AUTO_INCREMENT=6;

--
-- AUTO_INCREMENT for table `diseases`
--
ALTER TABLE `diseases`
  MODIFY `id` int(11) NOT NULL AUTO_INCREMENT, AUTO_INCREMENT=56;

--
-- AUTO_INCREMENT for table `disease_medicines`
--
ALTER TABLE `disease_medicines`
  MODIFY `id` int(11) NOT NULL AUTO_INCREMENT, AUTO_INCREMENT=1001;

--
-- AUTO_INCREMENT for table `doctors`
--
ALTER TABLE `doctors`
  MODIFY `id` int(11) NOT NULL AUTO_INCREMENT, AUTO_INCREMENT=6;

--
-- AUTO_INCREMENT for table `feedbacks`
--
ALTER TABLE `feedbacks`
  MODIFY `id` int(11) NOT NULL AUTO_INCREMENT;

--
-- AUTO_INCREMENT for table `herbal_supports`
--
ALTER TABLE `herbal_supports`
  MODIFY `id` int(11) NOT NULL AUTO_INCREMENT, AUTO_INCREMENT=481;

--
-- AUTO_INCREMENT for table `medicines`
--
ALTER TABLE `medicines`
  MODIFY `id` int(11) NOT NULL AUTO_INCREMENT, AUTO_INCREMENT=103;

--
-- AUTO_INCREMENT for table `medicine_brands`
--
ALTER TABLE `medicine_brands`
  MODIFY `id` int(11) NOT NULL AUTO_INCREMENT, AUTO_INCREMENT=501;

--
-- AUTO_INCREMENT for table `search_history`
--
ALTER TABLE `search_history`
  MODIFY `id` int(11) NOT NULL AUTO_INCREMENT, AUTO_INCREMENT=84;

--
-- AUTO_INCREMENT for table `users`
--
ALTER TABLE `users`
  MODIFY `id` int(11) NOT NULL AUTO_INCREMENT, AUTO_INCREMENT=17;

--
-- Constraints for dumped tables
--

--
-- Constraints for table `alternatives`
--
ALTER TABLE `alternatives`
  ADD CONSTRAINT `alternatives_medicine_id_fkey` FOREIGN KEY (`medicine_id`) REFERENCES `medicines` (`id`) ON UPDATE CASCADE;

--
-- Constraints for table `appointments`
--
ALTER TABLE `appointments`
  ADD CONSTRAINT `appointments_doctor_id_fkey` FOREIGN KEY (`doctor_id`) REFERENCES `doctors` (`id`) ON UPDATE CASCADE,
  ADD CONSTRAINT `appointments_user_id_fkey` FOREIGN KEY (`user_id`) REFERENCES `users` (`id`) ON UPDATE CASCADE;

--
-- Constraints for table `disease_medicines`
--
ALTER TABLE `disease_medicines`
  ADD CONSTRAINT `disease_medicines_country_id_fkey` FOREIGN KEY (`country_id`) REFERENCES `countries` (`id`) ON DELETE SET NULL ON UPDATE CASCADE,
  ADD CONSTRAINT `disease_medicines_disease_id_fkey` FOREIGN KEY (`disease_id`) REFERENCES `diseases` (`id`) ON UPDATE CASCADE,
  ADD CONSTRAINT `disease_medicines_medicine_id_fkey` FOREIGN KEY (`medicine_id`) REFERENCES `medicines` (`id`) ON UPDATE CASCADE;

--
-- Constraints for table `doctors`
--
ALTER TABLE `doctors`
  ADD CONSTRAINT `doctors_user_id_fkey` FOREIGN KEY (`user_id`) REFERENCES `users` (`id`) ON UPDATE CASCADE;

--
-- Constraints for table `feedbacks`
--
ALTER TABLE `feedbacks`
  ADD CONSTRAINT `feedbacks_doctor_id_fkey` FOREIGN KEY (`doctor_id`) REFERENCES `doctors` (`id`) ON DELETE SET NULL ON UPDATE CASCADE,
  ADD CONSTRAINT `feedbacks_medicine_id_fkey` FOREIGN KEY (`medicine_id`) REFERENCES `medicines` (`id`) ON DELETE SET NULL ON UPDATE CASCADE,
  ADD CONSTRAINT `feedbacks_user_id_fkey` FOREIGN KEY (`user_id`) REFERENCES `users` (`id`) ON UPDATE CASCADE;

--
-- Constraints for table `herbal_supports`
--
ALTER TABLE `herbal_supports`
  ADD CONSTRAINT `herbal_supports_country_id_fkey` FOREIGN KEY (`country_id`) REFERENCES `countries` (`id`) ON DELETE SET NULL ON UPDATE CASCADE,
  ADD CONSTRAINT `herbal_supports_disease_id_fkey` FOREIGN KEY (`disease_id`) REFERENCES `diseases` (`id`) ON DELETE SET NULL ON UPDATE CASCADE;

--
-- Constraints for table `medicine_brands`
--
ALTER TABLE `medicine_brands`
  ADD CONSTRAINT `medicine_brands_country_id_fkey` FOREIGN KEY (`country_id`) REFERENCES `countries` (`id`) ON DELETE SET NULL ON UPDATE CASCADE,
  ADD CONSTRAINT `medicine_brands_medicine_id_fkey` FOREIGN KEY (`medicine_id`) REFERENCES `medicines` (`id`) ON UPDATE CASCADE;

--
-- Constraints for table `search_history`
--
ALTER TABLE `search_history`
  ADD CONSTRAINT `search_history_user_id_fkey` FOREIGN KEY (`user_id`) REFERENCES `users` (`id`) ON UPDATE CASCADE;
COMMIT;

/*!40101 SET CHARACTER_SET_CLIENT=@OLD_CHARACTER_SET_CLIENT */;
/*!40101 SET CHARACTER_SET_RESULTS=@OLD_CHARACTER_SET_RESULTS */;
/*!40101 SET COLLATION_CONNECTION=@OLD_COLLATION_CONNECTION */;
